# ************************************************************
# Sequel Pro SQL dump
# Version 4541
#
# http://www.sequelpro.com/
# https://github.com/sequelpro/sequelpro
#
# Host: 127.0.0.1 (MySQL 5.7.28)
# Database: eapi
# Generation Time: 2020-02-18 14:15:47 +0000
# ************************************************************


/*!40101 SET @OLD_CHARACTER_SET_CLIENT=@@CHARACTER_SET_CLIENT */;
/*!40101 SET @OLD_CHARACTER_SET_RESULTS=@@CHARACTER_SET_RESULTS */;
/*!40101 SET @OLD_COLLATION_CONNECTION=@@COLLATION_CONNECTION */;
/*!40101 SET NAMES utf8 */;
/*!40014 SET @OLD_FOREIGN_KEY_CHECKS=@@FOREIGN_KEY_CHECKS, FOREIGN_KEY_CHECKS=0 */;
/*!40101 SET @OLD_SQL_MODE=@@SQL_MODE, SQL_MODE='NO_AUTO_VALUE_ON_ZERO' */;
/*!40111 SET @OLD_SQL_NOTES=@@SQL_NOTES, SQL_NOTES=0 */;


# Dump of table migrations
# ------------------------------------------------------------

DROP TABLE IF EXISTS `migrations`;

CREATE TABLE `migrations` (
  `id` int(10) unsigned NOT NULL AUTO_INCREMENT,
  `migration` varchar(255) COLLATE utf8mb4_unicode_ci NOT NULL,
  `batch` int(11) NOT NULL,
  PRIMARY KEY (`id`)
) ENGINE=InnoDB DEFAULT CHARSET=utf8mb4 COLLATE=utf8mb4_unicode_ci;

LOCK TABLES `migrations` WRITE;
/*!40000 ALTER TABLE `migrations` DISABLE KEYS */;

INSERT INTO `migrations` (`id`, `migration`, `batch`)
VALUES
	(4,'2014_10_12_000000_create_users_table',1),
	(5,'2014_10_12_100000_create_password_resets_table',1),
	(6,'2020_02_18_132906_create_products_table',1),
	(7,'2020_02_18_132926_create_reviews_table',1);

/*!40000 ALTER TABLE `migrations` ENABLE KEYS */;
UNLOCK TABLES;


# Dump of table password_resets
# ------------------------------------------------------------

DROP TABLE IF EXISTS `password_resets`;

CREATE TABLE `password_resets` (
  `email` varchar(255) COLLATE utf8mb4_unicode_ci NOT NULL,
  `token` varchar(255) COLLATE utf8mb4_unicode_ci NOT NULL,
  `created_at` timestamp NULL DEFAULT NULL,
  KEY `password_resets_email_index` (`email`)
) ENGINE=InnoDB DEFAULT CHARSET=utf8mb4 COLLATE=utf8mb4_unicode_ci;



# Dump of table products
# ------------------------------------------------------------

DROP TABLE IF EXISTS `products`;

CREATE TABLE `products` (
  `id` int(10) unsigned NOT NULL AUTO_INCREMENT,
  `name` varchar(255) COLLATE utf8mb4_unicode_ci NOT NULL,
  `detail` text COLLATE utf8mb4_unicode_ci NOT NULL,
  `price` int(11) NOT NULL,
  `stock` int(11) NOT NULL,
  `discount` int(11) NOT NULL,
  `created_at` timestamp NULL DEFAULT NULL,
  `updated_at` timestamp NULL DEFAULT NULL,
  PRIMARY KEY (`id`)
) ENGINE=InnoDB DEFAULT CHARSET=utf8mb4 COLLATE=utf8mb4_unicode_ci;

LOCK TABLES `products` WRITE;
/*!40000 ALTER TABLE `products` DISABLE KEYS */;

INSERT INTO `products` (`id`, `name`, `detail`, `price`, `stock`, `discount`, `created_at`, `updated_at`)
VALUES
	(1,'accusantium','Eum excepturi est libero dolores non. Quam eos autem ratione enim. Maxime dolores aliquid laborum aut sed nulla incidunt. Et alias dolor ut aliquid temporibus ut aut. Voluptatem doloribus nihil quia nihil.',323,2,29,'2020-02-18 14:12:38','2020-02-18 14:12:38'),
	(2,'est','Harum dolores unde sed optio quaerat. Non repellendus qui voluptas est et tempora.',250,5,30,'2020-02-18 14:12:38','2020-02-18 14:12:38'),
	(3,'esse','Velit omnis amet sit qui est similique rerum voluptas. Fuga inventore non aliquam. Voluptas rerum nihil autem cupiditate saepe ut molestias.',333,4,3,'2020-02-18 14:12:38','2020-02-18 14:12:38'),
	(4,'quia','Dolorem dolores veritatis error ratione beatae. Aspernatur ab error eos beatae quia. Dolorem qui laboriosam occaecati explicabo magnam cupiditate quaerat.',219,1,18,'2020-02-18 14:12:38','2020-02-18 14:12:38'),
	(5,'qui','Voluptatem quidem ipsam aut officia neque in. Dolorem amet ut asperiores numquam repudiandae. Et id quas quas et cumque distinctio. Nulla quam qui et quis.',845,6,22,'2020-02-18 14:12:38','2020-02-18 14:12:38'),
	(6,'est','Sint et consequuntur sapiente. Accusamus facilis quia vero voluptates exercitationem quis autem. Possimus voluptatem sint eum voluptatibus et.',664,9,23,'2020-02-18 14:12:38','2020-02-18 14:12:38'),
	(7,'nam','Quo laudantium mollitia similique accusantium est adipisci eius. Et nostrum numquam sit perferendis. Dignissimos et blanditiis quia sed eius et. Quibusdam et delectus et consequatur.',268,3,9,'2020-02-18 14:12:38','2020-02-18 14:12:38'),
	(8,'dolorem','Ut ea adipisci sit est et reprehenderit itaque. Aut molestiae quia dolor autem et.',632,0,20,'2020-02-18 14:12:38','2020-02-18 14:12:38'),
	(9,'blanditiis','Ut aut ab commodi. Ipsam nihil sunt et numquam atque.',206,9,21,'2020-02-18 14:12:38','2020-02-18 14:12:38'),
	(10,'maiores','Sit voluptatum id soluta inventore. Sit sequi sed consequatur ut. Non sed facere molestiae alias ut consequuntur qui inventore.',397,0,23,'2020-02-18 14:12:38','2020-02-18 14:12:38'),
	(11,'accusantium','Aspernatur similique et mollitia mollitia. Magni velit quidem autem. Iste asperiores voluptatem et quis accusantium et sed. Enim qui aut sed architecto voluptatem soluta. Mollitia itaque recusandae veritatis.',529,0,21,'2020-02-18 14:12:38','2020-02-18 14:12:38'),
	(12,'minima','Cumque quibusdam quaerat voluptatem dignissimos quidem dolor. Nisi placeat a voluptatibus quod in est iste temporibus. Nobis fugiat illum sint ipsum recusandae. Doloribus eius nihil sint tempore ipsa et voluptas.',652,8,19,'2020-02-18 14:12:38','2020-02-18 14:12:38'),
	(13,'quibusdam','Voluptatem deserunt hic incidunt ut necessitatibus. Et corporis assumenda vero ipsam. Animi in consequatur veniam illo qui. Molestiae accusantium autem rerum omnis excepturi eius.',641,2,12,'2020-02-18 14:12:38','2020-02-18 14:12:38'),
	(14,'a','Et voluptas praesentium rerum molestiae nulla fugiat autem impedit. Veniam qui sed soluta corporis rem ea. Animi est et tempora id ipsum et numquam quasi.',901,8,3,'2020-02-18 14:12:38','2020-02-18 14:12:38'),
	(15,'dolores','Iusto optio beatae soluta est. Adipisci ratione consequatur placeat a id expedita. Consectetur saepe dolores est. Nostrum nesciunt corrupti rerum ipsam. Minus accusantium enim quis consequatur tempore dolorem ab.',603,0,16,'2020-02-18 14:12:38','2020-02-18 14:12:38'),
	(16,'et','Alias dolorem occaecati inventore doloribus. Voluptatibus quod quos reprehenderit voluptatem. Est error voluptates nesciunt eveniet sequi officiis.',882,2,4,'2020-02-18 14:12:38','2020-02-18 14:12:38'),
	(17,'error','Et eum autem veniam voluptatem error molestiae molestiae odio. Neque aspernatur quae quia et eaque suscipit est. Iste sed est incidunt illum quisquam. Labore sunt at excepturi culpa expedita.',703,1,12,'2020-02-18 14:12:38','2020-02-18 14:12:38'),
	(18,'natus','Maiores amet ut in quidem. Debitis qui velit a earum consequatur quasi.',719,0,17,'2020-02-18 14:12:38','2020-02-18 14:12:38'),
	(19,'non','Hic ex quaerat voluptates quo similique voluptatibus aut. Neque impedit unde consequatur quia sit vero officia. Ratione consequatur repellendus repellat tenetur. Vel sint inventore aut sit error.',432,7,8,'2020-02-18 14:12:38','2020-02-18 14:12:38'),
	(20,'quam','Ipsa officia quo aperiam harum rerum dignissimos dolores. Ad quidem quaerat iure tempora. Et atque omnis sed illo vel est expedita. Id exercitationem sed omnis perspiciatis minus.',273,0,17,'2020-02-18 14:12:38','2020-02-18 14:12:38'),
	(21,'quisquam','Qui sunt unde qui accusamus. Perspiciatis fuga hic alias quasi voluptate.',435,8,13,'2020-02-18 14:12:38','2020-02-18 14:12:38'),
	(22,'sapiente','Quos corporis voluptatibus esse necessitatibus. Quos pariatur ut repellat at sed. Minus porro doloremque sunt voluptatem eligendi enim eaque. Tempora ex itaque est sequi repellat voluptas sint.',932,3,10,'2020-02-18 14:12:38','2020-02-18 14:12:38'),
	(23,'reiciendis','Provident eaque hic rerum voluptatem molestiae. Ab voluptatem et ut et eveniet odio. Omnis labore adipisci sapiente sit.',336,6,3,'2020-02-18 14:12:38','2020-02-18 14:12:38'),
	(24,'sint','Possimus voluptate animi et voluptas magni delectus laboriosam. Doloribus ut aut in at.',881,5,15,'2020-02-18 14:12:38','2020-02-18 14:12:38'),
	(25,'sunt','Expedita sunt eaque inventore quidem. Sit quia aut qui perferendis nesciunt sit aut. Incidunt dolores iusto eos amet qui.',609,2,26,'2020-02-18 14:12:38','2020-02-18 14:12:38'),
	(26,'et','Dolorem recusandae quibusdam odio voluptas. Cupiditate nisi deleniti eveniet culpa repudiandae id nobis placeat. Ea aut illo qui voluptas error nostrum et. Voluptatem expedita vel ullam ab necessitatibus libero est.',375,6,16,'2020-02-18 14:12:38','2020-02-18 14:12:38'),
	(27,'quo','Nihil nesciunt libero explicabo est quisquam. Voluptates est alias quia quas dolore libero qui. Consequuntur omnis reiciendis doloribus blanditiis.',242,9,8,'2020-02-18 14:12:38','2020-02-18 14:12:38'),
	(28,'totam','Fuga alias voluptas et aut quia ut totam magni. Sint laudantium omnis modi. Necessitatibus est aut rerum velit et.',604,4,19,'2020-02-18 14:12:38','2020-02-18 14:12:38'),
	(29,'nihil','Et molestiae sequi ratione molestiae sit. Minus voluptatum saepe sit nam porro. Sed quo dolor vel vitae sint earum voluptas.',365,0,5,'2020-02-18 14:12:38','2020-02-18 14:12:38'),
	(30,'provident','Ut numquam sit temporibus nobis blanditiis ut possimus. Accusantium sed sunt corrupti consequatur. Rem ipsum omnis eum tenetur dolorem.',600,3,29,'2020-02-18 14:12:38','2020-02-18 14:12:38'),
	(31,'similique','Sequi facilis incidunt consequatur eos quasi aut et dolor. Error quia omnis eum cumque ad et. Et sit nobis architecto. Totam qui voluptas ea similique ad.',985,3,4,'2020-02-18 14:12:38','2020-02-18 14:12:38'),
	(32,'nemo','Quas culpa aspernatur ut recusandae. Maxime illum modi ipsa earum possimus atque placeat. Eligendi dolore repellendus perspiciatis est exercitationem autem.',426,0,6,'2020-02-18 14:12:38','2020-02-18 14:12:38'),
	(33,'nesciunt','Eius libero magnam laboriosam quos fugit. Quia eaque delectus ut nobis corrupti velit. Perspiciatis necessitatibus distinctio neque mollitia rerum maxime dolorem. Quibusdam enim expedita et doloremque quaerat.',460,7,5,'2020-02-18 14:12:38','2020-02-18 14:12:38'),
	(34,'modi','Ipsam nesciunt quia labore quasi facilis occaecati fugit sunt. Reiciendis aut necessitatibus sed et deleniti autem. Molestias non et doloremque doloremque ut.',600,9,17,'2020-02-18 14:12:38','2020-02-18 14:12:38'),
	(35,'inventore','Omnis rerum eius deleniti placeat delectus aut. Est omnis inventore aspernatur inventore deserunt velit et. Quia ad perspiciatis ut corrupti culpa quasi.',179,2,17,'2020-02-18 14:12:38','2020-02-18 14:12:38'),
	(36,'iusto','Dolorem illo expedita et ut explicabo qui quia. Veniam enim consequatur ab voluptatem eos aliquid.',966,9,19,'2020-02-18 14:12:38','2020-02-18 14:12:38'),
	(37,'nam','Voluptatem omnis eveniet voluptatum fuga optio odit. Ratione ipsa blanditiis et dolor rerum. Veritatis ut autem perspiciatis qui. Nulla et quidem magni rerum aliquid ab possimus non.',740,4,8,'2020-02-18 14:12:38','2020-02-18 14:12:38'),
	(38,'similique','Voluptatem sunt dolores sed praesentium hic. Alias iure quibusdam consequatur aliquid perspiciatis tempora nihil possimus. Dolores explicabo sunt amet est reprehenderit eos vel quia.',764,8,8,'2020-02-18 14:12:38','2020-02-18 14:12:38'),
	(39,'necessitatibus','Accusamus non hic et. Ratione quo excepturi a similique adipisci. Repellendus sed placeat at similique iure. Id perferendis ut id ut aspernatur suscipit qui et.',371,7,14,'2020-02-18 14:12:38','2020-02-18 14:12:38'),
	(40,'dolorem','Quam soluta amet dolores quia ipsum molestias occaecati. Maxime perspiciatis repellendus ab neque quo. Sint quo exercitationem nihil voluptas corporis consequatur neque atque. Error neque temporibus cum excepturi eum est nisi totam.',787,8,23,'2020-02-18 14:12:38','2020-02-18 14:12:38'),
	(41,'reprehenderit','Consequuntur optio voluptas ipsum dolores. Maiores quos velit dolore est sit omnis. Eos autem cumque officiis qui.',625,8,22,'2020-02-18 14:12:38','2020-02-18 14:12:38'),
	(42,'velit','Repellat esse quas eaque numquam error ut sapiente deleniti. Incidunt debitis laboriosam nihil rerum temporibus reiciendis. Illum rerum modi voluptatem voluptatem itaque asperiores.',645,1,29,'2020-02-18 14:12:38','2020-02-18 14:12:38'),
	(43,'voluptatem','Fugit officiis explicabo asperiores beatae quia corporis fugit qui. Sequi laboriosam cumque soluta odit autem ullam. Dolores et in omnis.',485,6,13,'2020-02-18 14:12:38','2020-02-18 14:12:38'),
	(44,'vero','Ut aliquam sunt et aliquam velit. Nihil eum eveniet qui laudantium voluptas. Voluptatem eos eum alias rerum labore dolor corrupti. Totam nisi voluptatem pariatur fugiat cupiditate dolorem.',780,3,16,'2020-02-18 14:12:38','2020-02-18 14:12:38'),
	(45,'quaerat','Autem incidunt nesciunt et accusamus velit quisquam provident. Eos fugiat ut distinctio cumque. Perferendis laborum odit sed laudantium quo non ullam. Harum placeat ut voluptatem optio dolor.',953,7,29,'2020-02-18 14:12:38','2020-02-18 14:12:38'),
	(46,'provident','Unde exercitationem nam adipisci laboriosam totam sed. Voluptate aut ullam praesentium nulla id reiciendis eos. Quis quibusdam nihil sed eaque ducimus vero voluptate. Earum illum eos voluptas omnis id.',337,0,16,'2020-02-18 14:12:38','2020-02-18 14:12:38'),
	(47,'molestiae','Iure et in eum doloremque aut aliquam. Voluptate voluptatem dolorem corporis doloribus. Molestiae sequi id doloremque cumque nihil perspiciatis odit. Ipsum non corporis ex autem aliquam id quia.',338,4,22,'2020-02-18 14:12:38','2020-02-18 14:12:38'),
	(48,'quia','Molestias voluptatum ut facere fugiat qui molestiae magnam. Ut quisquam ipsam delectus aliquid quaerat explicabo architecto. Quo reprehenderit quod voluptatem quasi cum.',284,8,15,'2020-02-18 14:12:38','2020-02-18 14:12:38'),
	(49,'fuga','Corrupti quia magni et vel ab quasi ipsam. Sunt sunt consequatur ea optio possimus. Accusantium officiis quas odio facere alias. Numquam ipsa deserunt quo ad quia itaque id aut.',322,3,25,'2020-02-18 14:12:38','2020-02-18 14:12:38'),
	(50,'enim','Ipsa et explicabo voluptatem odio cumque accusamus nulla. Qui quasi tempore at. Et debitis omnis sed. Autem ipsum delectus fugit consectetur voluptas.',810,7,4,'2020-02-18 14:12:38','2020-02-18 14:12:38');

/*!40000 ALTER TABLE `products` ENABLE KEYS */;
UNLOCK TABLES;


# Dump of table reviews
# ------------------------------------------------------------

DROP TABLE IF EXISTS `reviews`;

CREATE TABLE `reviews` (
  `id` int(10) unsigned NOT NULL AUTO_INCREMENT,
  `product_id` int(10) unsigned NOT NULL,
  `customer` varchar(255) COLLATE utf8mb4_unicode_ci NOT NULL,
  `review` text COLLATE utf8mb4_unicode_ci NOT NULL,
  `star` int(11) NOT NULL,
  `created_at` timestamp NULL DEFAULT NULL,
  `updated_at` timestamp NULL DEFAULT NULL,
  PRIMARY KEY (`id`),
  KEY `reviews_product_id_index` (`product_id`),
  CONSTRAINT `reviews_product_id_foreign` FOREIGN KEY (`product_id`) REFERENCES `products` (`id`) ON DELETE CASCADE
) ENGINE=InnoDB DEFAULT CHARSET=utf8mb4 COLLATE=utf8mb4_unicode_ci;

LOCK TABLES `reviews` WRITE;
/*!40000 ALTER TABLE `reviews` DISABLE KEYS */;

INSERT INTO `reviews` (`id`, `product_id`, `customer`, `review`, `star`, `created_at`, `updated_at`)
VALUES
	(1,32,'Ms. Claire Hill II','Quia corrupti exercitationem accusantium sit quidem. Sunt vero quas enim nisi dolore. Sit vel voluptatem consequatur adipisci explicabo. Ea porro et quos tempora cum quisquam.',3,'2020-02-18 14:12:39','2020-02-18 14:12:39'),
	(2,2,'Javier Keebler I','Fugit qui non expedita quae est voluptatem. Eveniet voluptatem ducimus voluptatem. Voluptatum molestiae dolor et consequatur consequuntur blanditiis architecto illum. Aliquam qui soluta enim culpa non laboriosam omnis.',3,'2020-02-18 14:12:39','2020-02-18 14:12:39'),
	(3,33,'Mr. Kristofer Denesik PhD','Quia sunt earum tenetur et cumque dolores et. Maiores consequuntur beatae cum beatae fugit ut. Dignissimos fuga consequatur odit odio cumque ad. Enim sint et error.',5,'2020-02-18 14:12:39','2020-02-18 14:12:39'),
	(4,48,'Miss Lulu Haley','Libero beatae quia et dolorum repudiandae voluptate repellendus libero. Qui quidem qui tempore labore. Et laudantium est enim enim et fugit nam.',2,'2020-02-18 14:12:39','2020-02-18 14:12:39'),
	(5,35,'Dalton Moore','Accusantium tempora sunt exercitationem ab vel praesentium dolores. Voluptas quo velit unde officia ut nostrum cum natus. Veniam delectus in nihil et et eveniet.',2,'2020-02-18 14:12:39','2020-02-18 14:12:39'),
	(6,50,'Dr. Charlie Shields Jr.','Fugit reprehenderit a sequi et fuga possimus officiis quia. Natus tempora illum consequatur dignissimos error in repudiandae perferendis. Explicabo omnis repellendus et mollitia esse. Labore eum quia rerum excepturi.',3,'2020-02-18 14:12:39','2020-02-18 14:12:39'),
	(7,14,'Prof. Derick Armstrong III','Delectus dolorem omnis accusamus. Illum iusto ex suscipit ipsam labore autem officiis. Veniam assumenda labore amet ut et. Dolor perspiciatis quibusdam suscipit vero.',2,'2020-02-18 14:12:39','2020-02-18 14:12:39'),
	(8,24,'Eulalia Wunsch','Ut ad ipsa eaque. Consequatur deserunt voluptatibus sed qui pariatur aliquam eos. At officiis et molestias quia voluptates libero totam.',0,'2020-02-18 14:12:39','2020-02-18 14:12:39'),
	(9,13,'Christelle Daniel','Sit et qui soluta dolor nemo. Atque dolores exercitationem animi magni. Et voluptate qui aspernatur ea.',2,'2020-02-18 14:12:39','2020-02-18 14:12:39'),
	(10,33,'Jade Greenholt','Nobis sunt et velit temporibus exercitationem hic. Quasi dolor qui inventore et rerum qui voluptas autem. Et debitis autem necessitatibus eligendi. Eos ab quae optio explicabo ut laboriosam.',5,'2020-02-18 14:12:39','2020-02-18 14:12:39'),
	(11,47,'Daisha Nitzsche','Voluptatem molestiae possimus aut dicta et sunt sit. Laborum hic doloribus consequatur est eveniet ad est. Est animi labore nesciunt ipsa. Architecto porro qui laudantium consequatur eum autem.',5,'2020-02-18 14:12:39','2020-02-18 14:12:39'),
	(12,13,'Krista Cole Jr.','Id nesciunt aperiam non nam iste. Quod et dolores provident ipsum. Soluta ut assumenda nemo alias dolorem nobis est.',5,'2020-02-18 14:12:39','2020-02-18 14:12:39'),
	(13,4,'Emmalee Johns','Accusantium modi et culpa. Quia consequatur dolor voluptatem debitis. Modi neque deleniti similique voluptas in. Veniam et magnam quam quaerat ipsum facere esse. Ipsam optio deleniti harum totam eveniet officiis.',3,'2020-02-18 14:12:39','2020-02-18 14:12:39'),
	(14,9,'Miss Della Bins I','Molestias quod et quas deserunt eligendi in. Nihil expedita voluptatum exercitationem qui saepe. Consectetur fugit quidem quod doloremque beatae eos.',1,'2020-02-18 14:12:39','2020-02-18 14:12:39'),
	(15,50,'Delmer Terry','Aliquam quia laborum consequatur excepturi. Occaecati dicta harum enim velit necessitatibus. Sit dolor numquam et iure corporis voluptatum consequatur.',3,'2020-02-18 14:12:39','2020-02-18 14:12:39'),
	(16,2,'Mrs. Adaline McClure II','Libero sunt quae excepturi quam totam. Placeat praesentium nemo ratione ea. Voluptatem atque labore quia et.',1,'2020-02-18 14:12:39','2020-02-18 14:12:39'),
	(17,48,'Ms. Karli Thiel','Tempore vel aspernatur aut quis minima aliquid. Voluptatem minus sequi voluptas perferendis.',1,'2020-02-18 14:12:39','2020-02-18 14:12:39'),
	(18,31,'Lavon Lockman','Et quasi atque fugit repellat pariatur aut. Autem rem nam quia ex maxime rerum. Delectus nihil enim ut earum quasi est et omnis. Iste maiores perferendis ab nostrum laboriosam cupiditate.',2,'2020-02-18 14:12:39','2020-02-18 14:12:39'),
	(19,7,'Stan Aufderhar','Deserunt sapiente aut ducimus laboriosam. Incidunt quae repellendus non eius consequuntur. Perspiciatis ea odio hic. Nihil blanditiis voluptate porro nulla molestiae quo. Vero ut dolorem labore quia.',5,'2020-02-18 14:12:39','2020-02-18 14:12:39'),
	(20,30,'Mrs. Danielle Batz V','Necessitatibus ut quisquam doloribus fugiat. Alias officia est beatae qui sapiente beatae et tempore. Consequatur neque eveniet error quidem aut. Accusamus sunt ea sequi.',2,'2020-02-18 14:12:39','2020-02-18 14:12:39'),
	(21,17,'Mr. Irving Paucek V','Omnis alias enim vel perspiciatis et. Quibusdam autem et eum nam. Quia ipsum quasi sit quo.',5,'2020-02-18 14:12:39','2020-02-18 14:12:39'),
	(22,21,'Keyon Conroy','Nobis accusamus vero rem nam soluta aut. Architecto aliquid saepe aut maiores iste harum quia. Et accusantium dicta natus ex nulla. Repellat officia veritatis nihil aut quia dolores.',1,'2020-02-18 14:12:39','2020-02-18 14:12:39'),
	(23,50,'Dr. Ebba Yundt','Eum neque animi accusantium nihil. Odit nulla id qui ad est quo. Illum et voluptas tenetur doloribus. Sunt dignissimos et ea voluptatibus dolor.',3,'2020-02-18 14:12:39','2020-02-18 14:12:39'),
	(24,14,'Dr. Jaida Klocko','Nihil sequi asperiores inventore similique sed voluptatum voluptatum. Ut ut dolorem necessitatibus voluptatum provident exercitationem veniam. Mollitia omnis est veniam autem dolore esse.',5,'2020-02-18 14:12:39','2020-02-18 14:12:39'),
	(25,12,'Elfrieda West','Quia asperiores sint molestias. Ducimus maiores voluptatibus quis maxime eos. Tempora non voluptatibus non et illo inventore quam.',4,'2020-02-18 14:12:39','2020-02-18 14:12:39'),
	(26,6,'Josie Torphy','Molestias perferendis tenetur illo praesentium qui vel eum. Quaerat magni nostrum amet est voluptatem aut nemo. Neque placeat sed neque eligendi accusantium ut.',3,'2020-02-18 14:12:39','2020-02-18 14:12:39'),
	(27,1,'Dr. Rebeca Kessler II','Voluptates quasi nesciunt reprehenderit quasi qui consequatur qui. Ab est quae nihil voluptates ut est. Officia nihil quo distinctio occaecati assumenda error quos ex.',3,'2020-02-18 14:12:39','2020-02-18 14:12:39'),
	(28,12,'Destini Emard','Quasi excepturi possimus excepturi. Dolor dolor perferendis eaque error asperiores. Et molestiae est commodi dolores excepturi. Vel voluptatem quasi est officia sunt.',1,'2020-02-18 14:12:39','2020-02-18 14:12:39'),
	(29,39,'Mrs. Madisyn Paucek III','Libero nihil ut aut sit rerum et sed neque. Minus odio et quasi velit commodi. Nostrum in ipsam placeat doloribus quos. Dolores repellat doloribus omnis veniam similique accusamus. Libero quisquam quis at aut.',5,'2020-02-18 14:12:39','2020-02-18 14:12:39'),
	(30,45,'Karlee Ledner Jr.','Natus reiciendis iste facilis eos. Sunt quia ipsum qui facere autem qui. Aperiam et fugiat accusamus.',2,'2020-02-18 14:12:39','2020-02-18 14:12:39'),
	(31,3,'Prof. Maiya Schuster','Accusamus earum laboriosam voluptatibus cupiditate omnis aut. Molestias reiciendis consequatur corrupti voluptatem fuga maxime dignissimos quasi. Assumenda ea odit ipsa consequuntur quasi.',5,'2020-02-18 14:12:39','2020-02-18 14:12:39'),
	(32,5,'Anahi Stoltenberg','Nostrum maxime maiores dolor et illo. Illum voluptas facere recusandae.',2,'2020-02-18 14:12:39','2020-02-18 14:12:39'),
	(33,1,'Haley Wolff','Excepturi praesentium numquam cupiditate et eligendi illo. Beatae repellendus sunt vel fugit eligendi veniam ut earum. Rem veritatis laboriosam fugiat mollitia debitis tempora. Consequatur saepe quo deserunt excepturi non.',0,'2020-02-18 14:12:39','2020-02-18 14:12:39'),
	(34,42,'Miss Era Nikolaus','Veritatis ut rerum voluptas at. Repellendus ut sapiente error sit voluptatem. Modi vel velit saepe illum rerum aliquid. Aut magni totam in sit doloremque quia fugit.',4,'2020-02-18 14:12:39','2020-02-18 14:12:39'),
	(35,7,'Dr. Sammie Greenfelder','Distinctio veniam id debitis autem. Rerum quaerat aperiam ut autem sed aut fuga eaque. Et eveniet quas odit qui quia. Minus est voluptas eaque.',2,'2020-02-18 14:12:39','2020-02-18 14:12:39'),
	(36,5,'Carole Kreiger','Fuga ex dicta accusantium ut. Magni earum voluptatem voluptatem hic aspernatur. Quia sit cupiditate dignissimos voluptatum commodi id.',2,'2020-02-18 14:12:39','2020-02-18 14:12:39'),
	(37,32,'Dr. Joey Mosciski','Dolores quaerat dolorem non repellendus. Deserunt quo alias quae magni doloribus ut. Aperiam fuga qui ut molestiae aspernatur.',1,'2020-02-18 14:12:39','2020-02-18 14:12:39'),
	(38,47,'Alden Funk Jr.','Eos a quis reprehenderit iure error. Laboriosam perspiciatis perspiciatis autem aut ut. Repudiandae ut aliquam quidem autem vel sunt voluptas.',1,'2020-02-18 14:12:39','2020-02-18 14:12:39'),
	(39,37,'Prof. Athena Wilderman','Praesentium ex tempora quo dolore. Doloribus odio beatae quis dolorem et harum. Expedita id sed quia qui voluptates quisquam. Deserunt neque vero dicta dolores doloribus nisi omnis.',3,'2020-02-18 14:12:39','2020-02-18 14:12:39'),
	(40,24,'Dovie Bins','Similique fugiat beatae aliquid voluptatem. Omnis veritatis delectus ipsam illum aut. Esse cumque quaerat provident enim. Eligendi ut nam in dicta laboriosam maiores.',4,'2020-02-18 14:12:39','2020-02-18 14:12:39'),
	(41,16,'Prof. Kayla McKenzie','Doloremque cupiditate enim eum accusantium. Reiciendis iste exercitationem numquam reprehenderit sint asperiores at architecto. Expedita et consequuntur ullam molestiae.',3,'2020-02-18 14:12:39','2020-02-18 14:12:39'),
	(42,44,'Virgil Weimann','Officia rerum eos esse omnis sunt quo iusto. Corporis quos enim voluptatum sit iste et. Ducimus voluptatem corporis ut veritatis facere.',4,'2020-02-18 14:12:39','2020-02-18 14:12:39'),
	(43,43,'Bennie Gaylord Sr.','Culpa corporis et incidunt sed. Sunt voluptatem laudantium sequi voluptatem voluptas. Quod tenetur sapiente accusantium modi omnis dolores placeat.',3,'2020-02-18 14:12:39','2020-02-18 14:12:39'),
	(44,31,'Rylan Jerde','Aut suscipit ut qui quidem hic laboriosam vitae. Porro delectus vero voluptatem hic eos omnis. Numquam quia facilis aut et.',0,'2020-02-18 14:12:39','2020-02-18 14:12:39'),
	(45,11,'Ruthe Veum','Quaerat omnis dicta dolorum eum. Et consequatur repellendus ut nemo et. Sit consequatur quia ratione eum qui vel sit culpa. Laudantium ut dolores consequuntur sit quia natus.',0,'2020-02-18 14:12:39','2020-02-18 14:12:39'),
	(46,40,'Kyle Weissnat','Dolores ea non consectetur maxime. Quis consectetur ea eos nihil rerum necessitatibus molestiae iusto. Laudantium harum quia facere.',4,'2020-02-18 14:12:39','2020-02-18 14:12:39'),
	(47,39,'Tina Tillman II','Nihil ipsam non eum sunt temporibus. Aperiam fugiat officia id est et veniam fuga. At a aut non sint exercitationem nostrum commodi. Ut et sapiente aut veritatis. Non dolores ipsa sit quasi.',1,'2020-02-18 14:12:39','2020-02-18 14:12:39'),
	(48,35,'Prof. Rita Harber Jr.','Consequatur quidem doloribus doloremque placeat odit est dolorem dolorem. Error veritatis corrupti nam aut nemo mollitia quos. Vel voluptatum laboriosam voluptatem qui consequuntur culpa.',0,'2020-02-18 14:12:39','2020-02-18 14:12:39'),
	(49,30,'Stone O\'Connell','Suscipit reiciendis sapiente quo dolor. Neque fuga officiis ut provident quia et. Voluptatum error sapiente laudantium fugiat.',0,'2020-02-18 14:12:39','2020-02-18 14:12:39'),
	(50,16,'Hilton Von','Ipsum iste est ea numquam mollitia omnis non. Accusantium laudantium eaque atque occaecati qui voluptates facere. Itaque eligendi possimus rerum dolores est.',5,'2020-02-18 14:12:39','2020-02-18 14:12:39'),
	(51,15,'Jany Langosh','Quia ullam sed occaecati. Qui non error qui non dolorum. Aut esse quasi culpa veritatis voluptatem sed aperiam beatae.',2,'2020-02-18 14:12:39','2020-02-18 14:12:39'),
	(52,45,'Leslie Hane','Cum exercitationem velit vitae non rerum rerum esse. Aut reprehenderit labore voluptatem nisi architecto. Qui rerum fugiat molestias necessitatibus aut animi error.',4,'2020-02-18 14:12:39','2020-02-18 14:12:39'),
	(53,45,'Justus Klocko DDS','Omnis iure explicabo architecto ut itaque rerum. Deleniti sunt accusantium autem incidunt. Corporis esse possimus velit hic. Beatae recusandae ad soluta quia illo voluptate maxime.',5,'2020-02-18 14:12:39','2020-02-18 14:12:39'),
	(54,30,'Ila Yundt','Voluptatum autem reiciendis id qui sed. Doloremque mollitia fugit quis qui magni commodi. Voluptate consequuntur similique ut mollitia voluptatem.',0,'2020-02-18 14:12:39','2020-02-18 14:12:39'),
	(55,8,'Mrs. Mona Lynch','Rem iure et et ad perferendis alias quisquam. Molestias provident adipisci eum. Delectus architecto aut nihil qui non sint commodi. Hic ea aliquid non quaerat.',0,'2020-02-18 14:12:39','2020-02-18 14:12:39'),
	(56,16,'Prof. Dedric Lang','Et praesentium dolor est ut soluta aut itaque. Hic accusamus inventore accusamus fuga. Eius fugiat quo in consequatur libero impedit necessitatibus quisquam.',4,'2020-02-18 14:12:39','2020-02-18 14:12:39'),
	(57,20,'Myrna Wunsch Sr.','Iure delectus velit saepe error eum totam. Suscipit omnis aliquam ex qui doloremque vel dolores. Ut sunt placeat velit et. Deleniti eos dolorum reprehenderit nisi.',5,'2020-02-18 14:12:39','2020-02-18 14:12:39'),
	(58,49,'Mr. Ariel Dach','Odit dolores et aperiam. Molestias pariatur officiis voluptas quia praesentium et. Est et est consequuntur amet. Pariatur tempora reiciendis sequi numquam dicta aut est.',3,'2020-02-18 14:12:39','2020-02-18 14:12:39'),
	(59,21,'Zakary Haley DVM','Ipsa voluptas voluptatem ea quasi ab fugiat. Laboriosam qui ea culpa aperiam. Tempora quam aut at.',0,'2020-02-18 14:12:39','2020-02-18 14:12:39'),
	(60,25,'Emilie Lockman I','Laudantium aut nihil numquam nemo. Mollitia soluta hic error repellat quas. Et et in facere ut autem.',2,'2020-02-18 14:12:39','2020-02-18 14:12:39'),
	(61,45,'Dr. Antone Weber','Est enim amet eos quo voluptates temporibus. Sed eaque deleniti culpa est. Alias neque nesciunt repellat fugit dolores. Quasi adipisci nostrum nobis culpa beatae dolorem.',0,'2020-02-18 14:12:39','2020-02-18 14:12:39'),
	(62,11,'Nyah Ruecker','Cum fuga magni delectus dolores qui ullam cumque repellendus. Consequuntur sunt maxime perspiciatis alias. Corrupti alias et quis quia. Cumque et quidem omnis sint.',0,'2020-02-18 14:12:39','2020-02-18 14:12:39'),
	(63,5,'Gavin Bailey','Harum ducimus nulla recusandae. Et expedita quos ea. Illum corrupti nesciunt veniam dolores velit iure rerum. Quia omnis voluptatem nam explicabo laboriosam aut.',1,'2020-02-18 14:12:39','2020-02-18 14:12:39'),
	(64,31,'Terence Connelly','Harum vitae et aliquid quia cumque voluptatem et. Perspiciatis recusandae est ut voluptate atque dignissimos. Voluptas deleniti aperiam qui. Architecto quas qui illum pariatur nihil et.',5,'2020-02-18 14:12:39','2020-02-18 14:12:39'),
	(65,44,'Buddy Mitchell','Nesciunt qui deserunt voluptatem est illo. Reprehenderit ut dolores ab dolor velit ut. Facere voluptas dolore expedita corporis facere aut ipsam. Temporibus dolores culpa nostrum eius. Ex explicabo veniam et et quidem et quis.',5,'2020-02-18 14:12:39','2020-02-18 14:12:39'),
	(66,26,'Lawrence Lindgren','Sunt dolores neque recusandae sed corporis. Sit omnis et itaque quod fuga. Rerum esse ipsa rerum et est voluptate et.',5,'2020-02-18 14:12:39','2020-02-18 14:12:39'),
	(67,7,'Rafaela Rau','Itaque aut exercitationem laborum et quo maxime. Aut labore quia nam consequuntur excepturi consequatur eligendi. Quasi atque autem est consectetur sit. Rerum eum nam alias eaque doloribus cum. Ipsam quia et quos perferendis consequatur voluptatem minima.',5,'2020-02-18 14:12:39','2020-02-18 14:12:39'),
	(68,18,'Mr. Stevie Brekke','Sequi quis et earum. Totam aut quo omnis nihil molestias et. Reiciendis ut quod qui consequatur rerum est et libero.',4,'2020-02-18 14:12:39','2020-02-18 14:12:39'),
	(69,49,'Lonnie Hartmann','Aut autem consequuntur voluptatem iure. Consequatur sapiente quaerat vero praesentium eos porro. Atque nisi ea beatae iusto voluptate incidunt dolorem.',1,'2020-02-18 14:12:39','2020-02-18 14:12:39'),
	(70,50,'Leonel Glover I','Animi debitis ut sequi est reprehenderit nostrum quia. Tempore sint sequi occaecati quo eum omnis. Tempora ducimus tenetur eligendi id perspiciatis a asperiores. Sint illo aut perspiciatis molestiae ipsa.',3,'2020-02-18 14:12:39','2020-02-18 14:12:39'),
	(71,41,'Dr. Nikki Harris','Nihil facere exercitationem totam sit alias. Rerum omnis nobis repellat esse recusandae accusantium ullam iusto. Occaecati voluptatem maiores praesentium est impedit sequi quidem.',5,'2020-02-18 14:12:39','2020-02-18 14:12:39'),
	(72,33,'Prof. Randy Pacocha','Minus accusamus enim sed numquam dolore voluptatem. Sed reprehenderit vero et quia ipsum ipsam architecto. Iste asperiores quidem dolor ullam dolor. Temporibus repellat ipsum autem repellat quibusdam aut.',5,'2020-02-18 14:12:39','2020-02-18 14:12:39'),
	(73,14,'Lue Koelpin','Aut ex aut reprehenderit commodi non assumenda provident. Illum non dolorem est quia. Similique aliquam adipisci omnis quis doloribus consequuntur.',2,'2020-02-18 14:12:39','2020-02-18 14:12:39'),
	(74,25,'Merlin Graham','Tempore expedita nam eligendi ea deserunt officia. Laborum consequatur molestiae cum et corporis eum commodi officia. Et asperiores aperiam laudantium minima numquam.',3,'2020-02-18 14:12:39','2020-02-18 14:12:39'),
	(75,26,'Jasmin Dibbert','Temporibus perspiciatis voluptatem accusantium hic. Molestias et sit incidunt laudantium maxime. Dignissimos corrupti soluta autem quia aut cumque animi.',1,'2020-02-18 14:12:39','2020-02-18 14:12:39'),
	(76,22,'Dr. Natalie Zieme IV','Qui quis enim pariatur molestiae tenetur quas. Perspiciatis nemo minus omnis nulla velit repellendus. Autem qui reiciendis tenetur eius et cumque at.',1,'2020-02-18 14:12:39','2020-02-18 14:12:39'),
	(77,1,'Nickolas Gulgowski','Aliquam sit cumque exercitationem pariatur. Minus nesciunt facere quibusdam laboriosam. Quia nihil molestias repellat voluptatem numquam molestias sit.',5,'2020-02-18 14:12:39','2020-02-18 14:12:39'),
	(78,34,'Israel Bednar','Asperiores consequuntur quisquam pariatur qui nam. Rerum nobis itaque quo provident at omnis delectus enim. Earum quas sint dolorem animi. Voluptas excepturi nobis asperiores omnis ut aut autem.',1,'2020-02-18 14:12:39','2020-02-18 14:12:39'),
	(79,8,'Mr. Buford Price I','Rerum et occaecati exercitationem. Ratione ad dolor omnis veniam eum eveniet praesentium dolore. Error ipsum nihil assumenda laboriosam autem temporibus.',0,'2020-02-18 14:12:39','2020-02-18 14:12:39'),
	(80,6,'Ms. Earnestine Mohr','At eum velit eum exercitationem ipsa deleniti. Est iusto est ratione aspernatur laudantium dicta. Facilis repellat quis est nemo omnis corrupti et. Consequatur ut facere odit accusantium iste sapiente.',1,'2020-02-18 14:12:39','2020-02-18 14:12:39'),
	(81,43,'Prof. Hillard Berge','Aut vero aliquid omnis velit aliquid. Sit sint commodi inventore placeat eos cum. Inventore vero inventore sunt nesciunt. Quia maxime dolores voluptatem nihil.',2,'2020-02-18 14:12:39','2020-02-18 14:12:39'),
	(82,31,'Pat Yundt','Labore error odio et quidem voluptas autem. Voluptas reiciendis accusantium tenetur id nostrum.',0,'2020-02-18 14:12:39','2020-02-18 14:12:39'),
	(83,2,'Miss Addie Lueilwitz','Veniam facilis earum nemo autem. Illo in dicta soluta hic aut. Ad laborum voluptates doloribus nobis et.',4,'2020-02-18 14:12:39','2020-02-18 14:12:39'),
	(84,8,'Mrs. Kacie Steuber II','Quis porro possimus sit optio. Repudiandae distinctio excepturi quod repudiandae corporis dolores ut. Aut laborum accusantium est.',4,'2020-02-18 14:12:39','2020-02-18 14:12:39'),
	(85,24,'Mathew Gottlieb','Voluptates minima aliquid accusantium saepe saepe. Error sint cupiditate saepe saepe doloremque ratione a repellat. Ab at corporis et.',0,'2020-02-18 14:12:39','2020-02-18 14:12:39'),
	(86,50,'Amparo Towne','Harum earum consequatur facilis repudiandae necessitatibus atque. Id accusamus totam delectus error quae numquam ut. Quae et vero neque in quis quo.',1,'2020-02-18 14:12:39','2020-02-18 14:12:39'),
	(87,4,'Niko Kuhic','Ut officiis in ut quis dolorum. Et voluptatem dolor dolores nulla suscipit.',1,'2020-02-18 14:12:39','2020-02-18 14:12:39'),
	(88,11,'Beau Schamberger','Dignissimos velit rerum rerum nihil ipsum. Eum voluptas autem aut corporis. Blanditiis blanditiis est ipsa ea praesentium error illo. Non aliquam sint voluptatem similique dignissimos deserunt dolore ut. Non consequuntur provident vero totam qui.',4,'2020-02-18 14:12:39','2020-02-18 14:12:39'),
	(89,14,'Kari Kassulke','Et eius rerum odio id rerum sint voluptas. Inventore sit aut et. Harum distinctio accusantium rerum hic officiis dolores. Tempore adipisci vel est iste ut consequatur.',2,'2020-02-18 14:12:39','2020-02-18 14:12:39'),
	(90,42,'Miss Sincere Koch','Nihil possimus ab adipisci aut ipsa omnis magnam esse. Fuga atque reprehenderit minus eos rem. Ab aut molestiae commodi nulla omnis vero numquam. Dolores cumque perferendis velit quia velit delectus.',4,'2020-02-18 14:12:39','2020-02-18 14:12:39'),
	(91,2,'Ruth Dibbert','Et vitae quasi sint recusandae voluptatem et. Tempore debitis rem et ut quo. Perspiciatis dignissimos repellat delectus nam.',3,'2020-02-18 14:12:39','2020-02-18 14:12:39'),
	(92,29,'Myrtie Glover','Numquam est sed ea tempore eum. Voluptas officiis non molestias fugit deserunt. Eius alias nam atque sed voluptates.',4,'2020-02-18 14:12:39','2020-02-18 14:12:39'),
	(93,33,'Franz Schmeler','Ut tempora possimus enim. Commodi incidunt dolor in aut aut atque. Perferendis soluta vero earum unde itaque provident.',0,'2020-02-18 14:12:39','2020-02-18 14:12:39'),
	(94,19,'Hyman Keebler V','Et in repellendus est autem provident numquam dolorem. Et et impedit qui. Voluptatum odit quidem error. Inventore ducimus animi facere ipsam.',4,'2020-02-18 14:12:39','2020-02-18 14:12:39'),
	(95,29,'Mr. Lamar Goodwin','Qui sunt et eos quae dolores aut et. Et tempora nobis ut deserunt quia. Quia quia veritatis tempora maiores ut. Facere cumque vitae eos dolorem esse.',4,'2020-02-18 14:12:39','2020-02-18 14:12:39'),
	(96,42,'Mr. Sedrick Stokes','Dicta sed suscipit illum consequuntur aut quia corrupti tempore. Sed non pariatur earum sequi voluptatem officia. Quia qui voluptatem aut et quisquam.',5,'2020-02-18 14:12:39','2020-02-18 14:12:39'),
	(97,17,'Chance Pollich','Rerum alias eligendi quaerat eos. Numquam saepe hic ad et. Iure fuga nemo vitae dolore. Asperiores ut aut quis voluptas voluptatem voluptate quam.',4,'2020-02-18 14:12:39','2020-02-18 14:12:39'),
	(98,11,'Imelda Russel','Nemo quis quaerat dolorem. Quos eius et neque tenetur eaque. Fugiat qui impedit neque omnis eaque temporibus reiciendis.',3,'2020-02-18 14:12:39','2020-02-18 14:12:39'),
	(99,36,'Tre Runte','Et ex facere iure et excepturi dicta. Et sit sunt harum sed similique excepturi.',2,'2020-02-18 14:12:39','2020-02-18 14:12:39'),
	(100,3,'Dr. Arvid Satterfield','Dolor non optio facilis eius est. Quia et et magni aut molestias qui. Natus consequatur fugiat et nihil placeat error.',4,'2020-02-18 14:12:39','2020-02-18 14:12:39'),
	(101,20,'Estrella Ledner Jr.','Id et placeat dolorem minima aut iure. Architecto dolorem illo tenetur non reiciendis. Quasi ipsa aut ad. Veniam adipisci voluptatem nostrum rerum.',0,'2020-02-18 14:12:39','2020-02-18 14:12:39'),
	(102,24,'Howard Fritsch','Perspiciatis explicabo distinctio illo autem. Iusto qui sed in atque.',0,'2020-02-18 14:12:39','2020-02-18 14:12:39'),
	(103,49,'Oda Wuckert','Libero voluptates et eius qui cum aliquam ducimus nostrum. Repellendus ab ut itaque laborum. Explicabo repellendus similique enim veniam veritatis. Fugiat doloremque sit facere ea dicta saepe minus modi.',4,'2020-02-18 14:12:39','2020-02-18 14:12:39'),
	(104,2,'Prof. Kevin Cummings PhD','Eligendi aut a vel doloribus nobis ut. Saepe consectetur sunt ea quia omnis quas. Dicta soluta laborum rerum. Deserunt natus ipsum dolores quas.',0,'2020-02-18 14:12:39','2020-02-18 14:12:39'),
	(105,25,'Terry Goyette Sr.','Qui ut aliquam ut reprehenderit. Quod mollitia amet magni nihil perferendis. Dolorum nostrum a consequatur aut molestiae. Qui saepe quod repellat suscipit doloremque exercitationem.',1,'2020-02-18 14:12:39','2020-02-18 14:12:39'),
	(106,47,'Prof. Jovanny Jacobs III','Eos vero non numquam molestiae quam. Neque fugiat at voluptas nemo. Cupiditate consequuntur quod neque consequatur quia quia non.',4,'2020-02-18 14:12:39','2020-02-18 14:12:39'),
	(107,47,'Prof. Marcelo White I','Autem esse aperiam et qui dolorem quo. Odio aut rerum numquam ea non. Vel nemo dolores iusto autem veniam.',4,'2020-02-18 14:12:39','2020-02-18 14:12:39'),
	(108,13,'Orpha Runolfsdottir','Et quidem quia temporibus sequi eos ad. Qui omnis molestias suscipit in ab nihil unde molestiae. Iusto accusantium quo soluta in.',2,'2020-02-18 14:12:39','2020-02-18 14:12:39'),
	(109,5,'Mr. Zackery Hartmann Sr.','Quam necessitatibus omnis sit modi iure. Magni nemo reprehenderit deleniti veniam consequatur voluptas eveniet. Fugit ipsam adipisci dolorem rerum. Fugiat eos accusantium perferendis eum.',1,'2020-02-18 14:12:39','2020-02-18 14:12:39'),
	(110,33,'Mario Prohaska','Porro eum saepe sequi distinctio delectus eum. Veniam excepturi quis repellendus nihil est ea. Eaque dolore et et consectetur ad quam eum commodi.',0,'2020-02-18 14:12:39','2020-02-18 14:12:39'),
	(111,34,'Darrin Gislason','Cupiditate sed adipisci voluptates sapiente. Atque veniam porro sit id aut eveniet architecto. Illum optio omnis cumque. Ad vero repellat qui hic natus sunt voluptas.',0,'2020-02-18 14:12:39','2020-02-18 14:12:39'),
	(112,33,'Hermann Schulist','Sit laboriosam praesentium esse voluptatem corporis dolorum ad perferendis. Officiis in voluptas ut velit et.',1,'2020-02-18 14:12:39','2020-02-18 14:12:39'),
	(113,1,'Marcel Wolf','Maxime nihil assumenda commodi. Quos qui saepe ut et. Vel in laborum velit suscipit.',3,'2020-02-18 14:12:39','2020-02-18 14:12:39'),
	(114,44,'Jackeline Willms','Molestias asperiores sunt voluptatem vitae quo. Reiciendis nulla commodi aut vero. Qui autem est cum iusto iste impedit iusto natus. Qui praesentium hic voluptas est animi deserunt ea labore.',5,'2020-02-18 14:12:39','2020-02-18 14:12:39'),
	(115,10,'Mr. Brooks Walker','Ab nisi reiciendis blanditiis et. Vel voluptas quisquam repudiandae iure hic consequatur.',0,'2020-02-18 14:12:39','2020-02-18 14:12:39'),
	(116,37,'Amir Stiedemann','Et qui recusandae sed amet blanditiis voluptatem. Nam provident autem sed aspernatur voluptatem consequatur. Qui nobis eligendi autem et minus.',3,'2020-02-18 14:12:39','2020-02-18 14:12:39'),
	(117,33,'Prof. Tad Armstrong','Aut alias mollitia nihil vitae assumenda. Quaerat consequatur ullam voluptas aspernatur dicta debitis non. Accusamus quia molestiae dolorum ipsum quia enim possimus. Ut distinctio non quaerat et nobis expedita.',2,'2020-02-18 14:12:39','2020-02-18 14:12:39'),
	(118,14,'Albin Ryan DDS','Amet unde ut qui aut possimus porro rerum similique. Sequi et sit nesciunt dolores aut velit qui. Nihil beatae laborum aliquid saepe exercitationem. Velit at tempore non voluptatem sint.',5,'2020-02-18 14:12:39','2020-02-18 14:12:39'),
	(119,33,'Mrs. Billie Hudson II','Et et doloribus dolores saepe quae in ullam. Rerum consequatur quia incidunt iste quisquam perferendis. Atque aut occaecati aperiam voluptatem. Assumenda suscipit reiciendis aut nobis fugit.',3,'2020-02-18 14:12:39','2020-02-18 14:12:39'),
	(120,45,'Dr. Madonna Hodkiewicz III','Vel quos vel accusantium ut distinctio maiores. Incidunt suscipit amet et architecto sequi facere. Quo magni voluptatibus debitis illo. Ea corporis magnam quo in ipsum facilis.',2,'2020-02-18 14:12:39','2020-02-18 14:12:39'),
	(121,41,'Crystal Eichmann Jr.','Sunt ut nemo repellendus nobis voluptate aut. Qui laboriosam commodi dolorem quod. Cumque laudantium tempore quo est.',2,'2020-02-18 14:12:39','2020-02-18 14:12:39'),
	(122,7,'Mr. Carol Cummerata I','Dolor et totam ut perspiciatis. Molestias eveniet tempora maxime ipsa officia voluptas ducimus. Maxime commodi quisquam ab alias voluptas iste.',5,'2020-02-18 14:12:39','2020-02-18 14:12:39'),
	(123,31,'Miss Elyssa Hauck DDS','Ipsa atque voluptatum corrupti architecto. Fuga quis nihil eius fugiat occaecati vel praesentium itaque. Repellendus nesciunt ut corporis aliquid aliquid est. Ea distinctio earum qui aut. Hic officiis ipsum iste ex laborum.',5,'2020-02-18 14:12:39','2020-02-18 14:12:39'),
	(124,24,'Sterling Hauck','Ea adipisci dicta est laboriosam. Quia non in possimus. Voluptate provident aut ad laudantium ut.',1,'2020-02-18 14:12:39','2020-02-18 14:12:39'),
	(125,21,'Candelario Lindgren','Minus harum est dignissimos sapiente rerum eaque. Iste quia omnis harum fuga ipsam occaecati ab.',2,'2020-02-18 14:12:39','2020-02-18 14:12:39'),
	(126,47,'Mrs. Linda Denesik','Consequuntur fuga dolor et voluptatem ratione atque. Tempore ea repudiandae occaecati. Facere sed accusantium quod qui. Sint architecto sapiente unde quo.',2,'2020-02-18 14:12:39','2020-02-18 14:12:39'),
	(127,49,'Miss Ethelyn Hudson I','Consectetur doloremque consectetur enim fuga nemo. Distinctio beatae quia est voluptas consequatur assumenda. Magnam eaque consequatur quia numquam impedit hic.',2,'2020-02-18 14:12:39','2020-02-18 14:12:39'),
	(128,25,'Zechariah Paucek MD','Quis quo eveniet non deserunt eaque incidunt voluptatem. Consequatur ut quam officiis pariatur est. Reiciendis velit aut minus.',5,'2020-02-18 14:12:39','2020-02-18 14:12:39'),
	(129,25,'Prof. Ian Armstrong Jr.','Rem quae voluptates ea consequatur. Suscipit alias provident aut excepturi ab dolores alias.',2,'2020-02-18 14:12:39','2020-02-18 14:12:39'),
	(130,1,'Dr. Benjamin Bradtke III','Ipsum tenetur quia iure voluptate. Incidunt ut totam aut sit. Magni reprehenderit asperiores doloremque qui. Saepe ullam hic ipsum iure voluptatibus.',2,'2020-02-18 14:12:39','2020-02-18 14:12:39'),
	(131,28,'Fatima Denesik','Nihil modi velit natus aliquam maiores quo. Quae ut rem harum non qui harum enim. Aut qui et voluptatem eligendi qui quod. Provident ad reiciendis dolore aspernatur at. Sed aperiam quia suscipit repellendus officiis officia ut.',3,'2020-02-18 14:12:39','2020-02-18 14:12:39'),
	(132,6,'Javier Feest III','Magni debitis impedit laudantium qui ut quos vero officiis. Voluptatem expedita voluptates omnis alias eum.',2,'2020-02-18 14:12:39','2020-02-18 14:12:39'),
	(133,25,'Linnea Beatty','Temporibus reprehenderit eius tempora nisi deserunt sit dolorum. Impedit in ab sed eveniet tenetur. Fugiat eaque aut et voluptatem. Earum beatae facere libero quo est iusto illo nam.',1,'2020-02-18 14:12:39','2020-02-18 14:12:39'),
	(134,15,'Ed Jones DDS','Totam qui deserunt id nemo. Similique rerum blanditiis quidem aut sint et eveniet. Illum amet laborum voluptas et numquam eum sint.',0,'2020-02-18 14:12:39','2020-02-18 14:12:39'),
	(135,47,'Mr. Nils Becker MD','Sunt recusandae aut aut rerum et. Quia voluptates recusandae pariatur velit aut. Dolor omnis laborum quod sed. Ea et et deserunt dignissimos excepturi. Assumenda ducimus excepturi aut rerum ad reiciendis.',1,'2020-02-18 14:12:39','2020-02-18 14:12:39'),
	(136,11,'Prof. Jerry Simonis II','Esse qui dolorem esse. Cupiditate omnis et molestias temporibus vel ad nisi. Voluptas eos iure aspernatur omnis saepe aut. Deserunt rerum facilis sed harum qui. Ex delectus pariatur sit.',1,'2020-02-18 14:12:39','2020-02-18 14:12:39'),
	(137,18,'Dr. Jon Fritsch','Tenetur sit doloribus repellendus aliquid et et reiciendis sunt. Et qui eius beatae quo. Iusto ipsa sunt et animi nulla dolorum assumenda. Fugiat earum in sunt iure occaecati.',5,'2020-02-18 14:12:39','2020-02-18 14:12:39'),
	(138,28,'Mr. Ariel Bayer','Natus quo tenetur eos porro minus dolor. Quia perferendis quod quidem vero numquam velit accusamus in. Quam et natus illum dolor. Reprehenderit in voluptatem itaque sit soluta.',3,'2020-02-18 14:12:39','2020-02-18 14:12:39'),
	(139,33,'Mr. Monty Vandervort I','Suscipit porro similique sit ipsa quod cupiditate. Distinctio neque reprehenderit praesentium enim et. Voluptatem totam atque velit voluptatem magni. Est tenetur dolor aut placeat ad.',2,'2020-02-18 14:12:39','2020-02-18 14:12:39'),
	(140,36,'Dan Farrell','Praesentium vitae consectetur accusantium reprehenderit. Quasi quae est in non.',5,'2020-02-18 14:12:39','2020-02-18 14:12:39'),
	(141,45,'Kirsten Kulas','Illo necessitatibus libero ratione dolores doloribus aut. Est nihil ducimus nisi dolores officiis. Distinctio cupiditate repellendus et est eos. Quis quaerat porro aut itaque quo atque. In eius quos ducimus dolorum cupiditate quia.',4,'2020-02-18 14:12:39','2020-02-18 14:12:39'),
	(142,23,'Cleora Kihn','Explicabo rerum voluptates quis esse. At ad occaecati odit ex consequatur. Soluta laboriosam maxime ipsa esse modi.',5,'2020-02-18 14:12:39','2020-02-18 14:12:39'),
	(143,20,'Dr. Hermann Feeney','Autem non ducimus quia numquam nostrum alias consequatur. Ex hic odio magnam velit. Dolore at cumque laudantium consectetur voluptas.',4,'2020-02-18 14:12:39','2020-02-18 14:12:39'),
	(144,5,'Enrico Schoen','Ex labore fugiat temporibus beatae velit dolorem. Minima mollitia rerum reprehenderit nihil occaecati reprehenderit. Voluptatum totam sit fuga ut consectetur suscipit iure. Inventore vel asperiores earum enim et aperiam.',4,'2020-02-18 14:12:39','2020-02-18 14:12:39'),
	(145,41,'Erich Block','Tempora dolorem consequatur ex ducimus qui libero minus suscipit. Voluptas optio amet ut ut nam voluptas. Ab nemo ea esse.',5,'2020-02-18 14:12:39','2020-02-18 14:12:39'),
	(146,47,'Godfrey Heaney','Aut et veniam placeat eum officiis. Odit iure omnis omnis consequatur eligendi. Delectus exercitationem repudiandae nihil labore provident voluptas distinctio illum. Maxime rerum facere nisi sed.',1,'2020-02-18 14:12:39','2020-02-18 14:12:39'),
	(147,34,'Elnora Greenholt','Architecto iure qui eaque id aut alias dolores. Ut dignissimos magni ut ipsa amet nobis eligendi fuga. Non laudantium culpa esse natus ab eum nulla distinctio. Temporibus sint voluptatem est expedita.',3,'2020-02-18 14:12:39','2020-02-18 14:12:39'),
	(148,45,'Isabel Kuhlman','Magni quia earum libero. Neque soluta nam totam dolores. Id natus veritatis voluptatem numquam. Sed et nihil culpa saepe impedit adipisci.',4,'2020-02-18 14:12:39','2020-02-18 14:12:39'),
	(149,12,'Prof. Elenora Quitzon III','Et sunt earum veniam adipisci deserunt excepturi sequi. Animi et eos et corporis at assumenda et. Est ex et est rerum nostrum possimus est. Eius impedit culpa quis architecto magni. Eos velit repudiandae est ducimus error.',4,'2020-02-18 14:12:39','2020-02-18 14:12:39'),
	(150,27,'Werner Kilback Jr.','Voluptate optio vitae voluptatibus qui velit. Vel voluptatem libero aut maxime. Fugit aut accusantium dolorem sed. Voluptates nulla ipsum alias ut. Odio enim veritatis consectetur est dolore quam.',5,'2020-02-18 14:12:39','2020-02-18 14:12:39'),
	(151,5,'Miss Maggie Abshire','Consequatur qui impedit officia fugit voluptate maxime delectus. Perspiciatis impedit aut consequatur quaerat ut voluptas neque. Harum velit facere similique cumque. Sit quis itaque pariatur aut qui.',0,'2020-02-18 14:12:39','2020-02-18 14:12:39'),
	(152,3,'Eleanore Schiller','Illo est cum eligendi tempora facilis. Rerum et accusamus consequatur modi soluta sit quas. Qui quam veritatis facere et. Laborum odit et rerum nam aspernatur.',4,'2020-02-18 14:12:39','2020-02-18 14:12:39'),
	(153,49,'Marilou Hilpert','Assumenda dolorum esse placeat nobis vero nobis. Eligendi sint similique consequatur ipsa. Tenetur ducimus reiciendis velit aut rerum. Nobis eius voluptatem qui labore ut.',3,'2020-02-18 14:12:39','2020-02-18 14:12:39'),
	(154,47,'Maya Muller','Et unde iusto placeat quis enim. Ipsa quae incidunt ut distinctio. Ab voluptatem reiciendis veritatis sed eos esse autem.',3,'2020-02-18 14:12:39','2020-02-18 14:12:39'),
	(155,15,'Doyle Olson','Eveniet laboriosam accusamus ullam rerum. Inventore et quae ut rem. Similique non ratione voluptatem facilis perferendis repellat et. Praesentium consectetur iure accusamus sapiente suscipit aspernatur.',0,'2020-02-18 14:12:39','2020-02-18 14:12:39'),
	(156,43,'Summer Kuhn','Maxime aut incidunt laboriosam amet. Et earum dolores quo delectus qui id. Magni atque ex ut et odio.',3,'2020-02-18 14:12:39','2020-02-18 14:12:39'),
	(157,18,'Katrine Brekke','Corrupti dolor veritatis et maxime aut. Ea maxime quo et voluptatem quibusdam.',5,'2020-02-18 14:12:39','2020-02-18 14:12:39'),
	(158,22,'Elijah Block III','Odio voluptas dicta repudiandae. Ipsa quia consequatur dicta molestias aliquid dolore sunt. Voluptatem sit architecto optio harum eius fugiat.',1,'2020-02-18 14:12:39','2020-02-18 14:12:39'),
	(159,44,'Laila Monahan','Occaecati eius nisi ea eveniet quo. Corrupti minima velit aut. Quis cupiditate adipisci qui nihil dolorum.',1,'2020-02-18 14:12:39','2020-02-18 14:12:39'),
	(160,6,'Josie Mertz','Odit placeat est quaerat voluptate molestiae et et et. Quis et voluptatem laborum cumque nesciunt maiores architecto.',5,'2020-02-18 14:12:39','2020-02-18 14:12:39'),
	(161,16,'Mrs. Britney Corkery','Aliquam non aut a consequuntur culpa dicta. Harum cumque quas voluptatem. Sed aliquam doloremque aliquid natus laudantium. Dicta mollitia id eaque qui.',2,'2020-02-18 14:12:39','2020-02-18 14:12:39'),
	(162,1,'Cielo Zemlak','In quaerat voluptatem repellat ducimus voluptates aliquid incidunt eius. Ratione exercitationem autem sit et saepe. Explicabo rerum hic non quisquam provident tempore. Ipsum illum cumque cum in quae.',3,'2020-02-18 14:12:39','2020-02-18 14:12:39'),
	(163,6,'Dr. Eliza Shields','Incidunt doloribus quaerat ipsam possimus iste aliquam. Et et autem necessitatibus debitis repellat animi qui. Earum quod dolores voluptatem est dolorum.',2,'2020-02-18 14:12:39','2020-02-18 14:12:39'),
	(164,17,'Willy Huels III','Totam corporis quo similique iste qui quis aliquam. Quis neque est consequatur aut. Corrupti non quasi asperiores nemo voluptatem culpa omnis soluta.',5,'2020-02-18 14:12:39','2020-02-18 14:12:39'),
	(165,23,'Alexis West','Ipsa nihil id laboriosam at deserunt consequatur rem. Sapiente explicabo esse sed eum. Saepe porro est accusantium dolorem minima. Pariatur laboriosam quia laboriosam quasi minus repudiandae a.',0,'2020-02-18 14:12:39','2020-02-18 14:12:39'),
	(166,38,'Thelma Kulas Sr.','Rerum sint nisi in et sit beatae consequatur. Assumenda sunt eos iure illum veniam facilis rem. Sit est non ut ratione nostrum saepe molestias. Suscipit enim tempore nihil dolorum.',1,'2020-02-18 14:12:39','2020-02-18 14:12:39'),
	(167,6,'Ansley Shanahan','Nihil nam ut voluptatem autem explicabo eum corporis autem. Maxime vitae aut aut quo.',2,'2020-02-18 14:12:39','2020-02-18 14:12:39'),
	(168,22,'Ceasar Kulas','Consequatur quia quasi vel quae. Quia rerum earum iure sit. Et dolores atque repellendus et maiores est nisi.',5,'2020-02-18 14:12:39','2020-02-18 14:12:39'),
	(169,20,'Mario Fay','Dolorem delectus sunt reprehenderit quo nobis voluptatem. Qui explicabo autem quia ducimus eius.',3,'2020-02-18 14:12:39','2020-02-18 14:12:39'),
	(170,19,'Hubert O\'Kon','Optio minus nobis iure dignissimos quam voluptatem adipisci. Enim et quae quod maxime. Quae consequatur velit aspernatur alias. Et explicabo sint nisi deserunt exercitationem.',5,'2020-02-18 14:12:39','2020-02-18 14:12:39'),
	(171,21,'Audie Toy DDS','Distinctio iste explicabo autem temporibus deserunt eaque. Quos quo sit aperiam debitis mollitia voluptatum non. Distinctio quia cum ut vel illum cupiditate doloremque quos.',0,'2020-02-18 14:12:39','2020-02-18 14:12:39'),
	(172,31,'Mr. Bailey Collins IV','Reiciendis illo esse rerum iusto et. Nulla consequuntur reprehenderit similique quis necessitatibus doloribus. Et libero at nemo et totam cupiditate quae. Architecto odio iusto dolores similique eos.',1,'2020-02-18 14:12:39','2020-02-18 14:12:39'),
	(173,38,'Amara Crist','Tempora tenetur enim molestias distinctio. Minima omnis qui consequatur libero voluptate vero fugit. Sit iste voluptas recusandae quis in. Totam odit esse est ut expedita est.',3,'2020-02-18 14:12:39','2020-02-18 14:12:39'),
	(174,26,'Mr. Leone Cassin III','Quasi impedit consectetur itaque debitis non quas. Dolore numquam facilis deleniti tempore velit. Et enim cum eos hic error sed aut.',4,'2020-02-18 14:12:39','2020-02-18 14:12:39'),
	(175,50,'Haleigh Smith','Laborum quia et rem debitis sed. Natus pariatur et quia incidunt. Id ex tenetur consequatur qui et corporis. Aut velit repellat cumque earum iure.',5,'2020-02-18 14:12:39','2020-02-18 14:12:39'),
	(176,50,'Eden Mohr','Modi eum et maiores iusto. Veniam eum dolores nihil aut. Non iste ut eius necessitatibus in.',3,'2020-02-18 14:12:39','2020-02-18 14:12:39'),
	(177,47,'Euna Nikolaus DVM','Magni nemo eligendi autem aspernatur optio hic. Asperiores sunt nobis neque aut nemo nulla rerum. Labore est distinctio ex rerum ipsam ipsa sint. Quasi optio vel enim voluptatibus vitae consequatur omnis. Repudiandae sit voluptatem dolorem natus dolorum.',0,'2020-02-18 14:12:39','2020-02-18 14:12:39'),
	(178,39,'Jasmin Oberbrunner III','Sequi sit suscipit et reprehenderit excepturi eaque. Officiis harum praesentium sed laborum atque voluptas. Autem cum illo nesciunt corrupti soluta.',2,'2020-02-18 14:12:39','2020-02-18 14:12:39'),
	(179,40,'Ms. Nedra Medhurst','Quo perferendis inventore soluta omnis corporis. Asperiores laborum aut at autem amet dignissimos omnis. Voluptas deleniti est mollitia officia quia.',2,'2020-02-18 14:12:39','2020-02-18 14:12:39'),
	(180,16,'Athena Harber','Necessitatibus voluptas eius possimus eum numquam. Voluptates ab omnis praesentium.',5,'2020-02-18 14:12:39','2020-02-18 14:12:39'),
	(181,45,'Lera Klein','Cum dicta natus occaecati nihil. Molestiae provident molestias at doloribus quo. Assumenda praesentium veniam modi voluptatem.',5,'2020-02-18 14:12:39','2020-02-18 14:12:39'),
	(182,31,'Dr. Abdiel Hand PhD','Omnis recusandae exercitationem inventore aut. Labore quibusdam velit voluptatem culpa. Voluptate voluptatibus eos cupiditate itaque fugit iste. Veritatis magnam quos fugit nulla.',1,'2020-02-18 14:12:39','2020-02-18 14:12:39'),
	(183,40,'Dixie Larson','Magnam qui ratione nesciunt ipsa est sint. Quo omnis quis sunt sapiente adipisci asperiores et.',2,'2020-02-18 14:12:39','2020-02-18 14:12:39'),
	(184,11,'Daisy O\'Kon','Ab est hic nisi et. Ipsa tenetur ab quo corrupti consequatur et porro. Omnis ducimus vitae nihil reprehenderit iusto consequatur cum.',0,'2020-02-18 14:12:39','2020-02-18 14:12:39'),
	(185,10,'Prof. Vernon Anderson Sr.','Nulla et quidem sapiente earum. Suscipit est praesentium nam. Impedit adipisci consequatur voluptas recusandae quam.',0,'2020-02-18 14:12:39','2020-02-18 14:12:39'),
	(186,4,'Prof. Marjolaine O\'Kon PhD','Provident modi optio sit distinctio aut dolores necessitatibus modi. Numquam vel repudiandae illo. Voluptates suscipit enim qui fugit vel quia. Ut saepe expedita pariatur ut.',4,'2020-02-18 14:12:39','2020-02-18 14:12:39'),
	(187,38,'Owen Upton','Est voluptas et odit libero illum quod magni. Quos dolorem nesciunt quia molestiae et quidem. Officia assumenda et pariatur delectus asperiores saepe soluta. Sunt vitae velit similique neque.',0,'2020-02-18 14:12:39','2020-02-18 14:12:39'),
	(188,27,'Elroy Breitenberg','Qui quibusdam et ex aut temporibus necessitatibus. Mollitia totam atque ea et. Ut consequatur et ex. Odit aut molestiae dolorum ea.',3,'2020-02-18 14:12:39','2020-02-18 14:12:39'),
	(189,7,'Yvette Kris','Sunt impedit sunt tenetur provident. Reiciendis suscipit incidunt dolores molestias voluptatem pariatur id tempora. Et nostrum cupiditate vero occaecati facere alias est. Et aliquid omnis deserunt quam dolorem.',1,'2020-02-18 14:12:39','2020-02-18 14:12:39'),
	(190,41,'Meta Hermann Jr.','Animi dolore praesentium delectus optio a reprehenderit. Laborum similique incidunt error est earum at. Veritatis culpa dignissimos dicta vel eaque. Distinctio aut cupiditate modi ut voluptatibus omnis quis.',3,'2020-02-18 14:12:39','2020-02-18 14:12:39'),
	(191,38,'Ms. Dovie Ernser IV','Id maxime necessitatibus quo quia modi. Voluptate sapiente eum distinctio omnis quia quo. Vero dolorem corrupti nobis error cupiditate. Esse quam harum numquam placeat vel est id.',4,'2020-02-18 14:12:39','2020-02-18 14:12:39'),
	(192,10,'Claud Sawayn I','In atque praesentium et nisi consequatur aut. Molestiae eligendi corrupti animi alias dignissimos veritatis quos. Provident ut numquam consectetur.',1,'2020-02-18 14:12:39','2020-02-18 14:12:39'),
	(193,18,'Laron Johns','Modi explicabo quia est est et. Qui sit magni explicabo magnam sit. Voluptate fugiat quis vel quia ea corporis amet. Non quod quia facere sit quia eius dolorem.',5,'2020-02-18 14:12:39','2020-02-18 14:12:39'),
	(194,22,'Alaina Skiles','Eligendi excepturi et voluptatibus tempora dolore placeat. Alias hic soluta veritatis. Omnis odit et ut velit iste.',3,'2020-02-18 14:12:39','2020-02-18 14:12:39'),
	(195,34,'Prof. Dolly Cummerata','Assumenda distinctio sunt fugit molestias ab. Voluptatum sit et libero error dolorem possimus. Nam blanditiis est laboriosam culpa similique et.',2,'2020-02-18 14:12:39','2020-02-18 14:12:39'),
	(196,1,'Prof. Dameon Cruickshank','Doloribus assumenda illo tenetur facere voluptate ut odit dolor. Vitae praesentium aut facilis qui ab iure. Vel est dolores dolor quis. Dolore aut omnis aliquam optio architecto non qui.',1,'2020-02-18 14:12:39','2020-02-18 14:12:39'),
	(197,17,'Jerod Marquardt','Magni voluptas nostrum rerum. Earum quod delectus fugit vero eos.',5,'2020-02-18 14:12:39','2020-02-18 14:12:39'),
	(198,27,'Polly Davis','Aut et deserunt asperiores cupiditate et fugiat. Laudantium eum aliquam minus aperiam repellat est. Saepe autem est ab quaerat.',0,'2020-02-18 14:12:39','2020-02-18 14:12:39'),
	(199,23,'Prof. Ewald Schulist DDS','Et natus vel ducimus corrupti quisquam accusamus. Voluptatem numquam ullam adipisci inventore eum quos ut deserunt. Sed explicabo et occaecati nisi ipsum.',3,'2020-02-18 14:12:39','2020-02-18 14:12:39'),
	(200,44,'Mr. Joesph Wiza','Quisquam voluptatum ut accusantium laudantium inventore aut. Qui molestias dignissimos enim ex vero unde blanditiis. Repellat ratione quam ducimus corporis. Sed molestiae neque ullam tempore dignissimos repellendus id. Rerum rerum labore illum laudantium libero qui fugit.',0,'2020-02-18 14:12:39','2020-02-18 14:12:39'),
	(201,42,'Rico Kiehn','Dolor maiores assumenda quidem quidem. Incidunt cumque iure sed reiciendis. Consectetur doloremque a minus. Vel veritatis voluptatum eum ut nesciunt dolor expedita. Necessitatibus est adipisci inventore aut nihil qui.',5,'2020-02-18 14:12:39','2020-02-18 14:12:39'),
	(202,23,'Dr. Gina Fahey','Sunt occaecati qui voluptatem dolore iste temporibus. Consequatur accusantium nobis minima et aut. Commodi mollitia nulla sunt qui eligendi vel cupiditate.',4,'2020-02-18 14:12:39','2020-02-18 14:12:39'),
	(203,32,'Jaeden Parisian','Quibusdam nisi vel similique sed placeat quis inventore in. Facilis et libero rerum culpa nobis qui tenetur. Molestiae praesentium illum voluptatum labore.',1,'2020-02-18 14:12:39','2020-02-18 14:12:39'),
	(204,2,'Dawson Nolan V','Ea iusto sit blanditiis id nemo. Vel incidunt vel temporibus odio molestias unde. Et accusantium et qui fugit.',2,'2020-02-18 14:12:39','2020-02-18 14:12:39'),
	(205,9,'Adeline Ankunding','Error illo omnis velit sit enim qui commodi. Quos nisi qui rerum officiis cupiditate sapiente repellendus. Aliquid nihil sint dolores doloribus ab qui. Ut enim rerum laboriosam sit et fugiat aut.',1,'2020-02-18 14:12:39','2020-02-18 14:12:39'),
	(206,38,'Stewart Grimes','Error facilis esse aut nobis voluptas. Doloribus sint mollitia harum aut inventore. Aut culpa id omnis ut occaecati accusamus et.',2,'2020-02-18 14:12:39','2020-02-18 14:12:39'),
	(207,20,'Wava Roberts','Et aperiam pariatur est vel ex commodi sapiente aut. Ut enim ex quia dolor ut sit est.',1,'2020-02-18 14:12:39','2020-02-18 14:12:39'),
	(208,32,'Kay Stamm','Aut mollitia quos veritatis adipisci qui perferendis dolore. Nemo impedit dolorem est doloremque dolores nihil aut. Eum deserunt voluptas aliquam mollitia rerum.',4,'2020-02-18 14:12:39','2020-02-18 14:12:39'),
	(209,30,'Alexandrea Cronin','Saepe quia cum tempora possimus error ipsum porro. Ad dolorem vitae enim non a in et. Aut odio non reiciendis reprehenderit reprehenderit. Dicta praesentium architecto facilis eveniet fuga. Quam in harum non sit repellat.',5,'2020-02-18 14:12:39','2020-02-18 14:12:39'),
	(210,25,'Braulio Towne','Quibusdam consequatur ipsam occaecati nulla. Eum in et nihil facilis. Dolor quibusdam architecto repellendus accusantium.',4,'2020-02-18 14:12:39','2020-02-18 14:12:39'),
	(211,1,'Vernice Monahan','Aut cupiditate dolore excepturi quia veritatis molestiae similique. Reiciendis rerum nesciunt dolores et voluptas dolore distinctio. Impedit sit inventore nisi vel dolore rerum iure.',4,'2020-02-18 14:12:39','2020-02-18 14:12:39'),
	(212,10,'Prof. Gaston Barrows','Veritatis quia distinctio ipsum impedit sint non adipisci. Veritatis nulla nobis rerum tempora iure voluptatem. Voluptatem cum dolorem neque eos dignissimos quisquam in.',2,'2020-02-18 14:12:39','2020-02-18 14:12:39'),
	(213,46,'Prof. Kacey Yundt I','Soluta minima odit ratione culpa. Rem aliquam et illum optio autem. Eveniet itaque labore molestiae ut. Minima minus blanditiis eos et error voluptas incidunt.',3,'2020-02-18 14:12:39','2020-02-18 14:12:39'),
	(214,44,'Gussie Wiza','Ipsa placeat nulla deleniti ea eligendi eius deleniti sed. Laudantium molestiae rerum aut voluptatum rem voluptatem dolores. Iure doloribus nihil possimus.',1,'2020-02-18 14:12:39','2020-02-18 14:12:39'),
	(215,41,'Kyleigh Altenwerth','Provident doloribus et animi tempore. Voluptas non suscipit tenetur similique tempora sunt. Ducimus deserunt eligendi et sequi et ipsam.',3,'2020-02-18 14:12:39','2020-02-18 14:12:39'),
	(216,10,'Darren Shields IV','Excepturi nihil quisquam dolor omnis commodi cum. Est sed minus est dolor. Sit voluptates a velit quibusdam.',4,'2020-02-18 14:12:39','2020-02-18 14:12:39'),
	(217,5,'Kirsten Fisher','Perferendis tempore dolores omnis qui qui reiciendis hic. A ratione quo nihil ratione voluptatem aut minus incidunt. Tempora et aut id est aut perspiciatis. Sint totam atque accusamus possimus.',5,'2020-02-18 14:12:39','2020-02-18 14:12:39'),
	(218,36,'Cristal King','Dignissimos aliquam debitis quia ducimus natus qui. Est ducimus rerum cumque enim. Culpa voluptas quibusdam quia dolor ipsum. Quo esse ut error necessitatibus eligendi quidem.',3,'2020-02-18 14:12:39','2020-02-18 14:12:39'),
	(219,44,'Miss Arielle Reinger MD','Quos et voluptates rerum similique ipsam. Doloremque optio recusandae et quam. Dolore et ut neque est adipisci velit et. Laboriosam aut modi incidunt recusandae incidunt aliquam delectus.',3,'2020-02-18 14:12:39','2020-02-18 14:12:39'),
	(220,1,'Cathryn Kub V','Facere rerum et quos quos. Repellendus quia fuga qui est cum architecto quod.',0,'2020-02-18 14:12:39','2020-02-18 14:12:39'),
	(221,3,'Shania Rath','Amet officiis velit et ea autem id. Doloremque enim est iusto est qui sequi.',4,'2020-02-18 14:12:39','2020-02-18 14:12:39'),
	(222,33,'Jamir Torp','Ut id nihil pariatur. Odio doloribus ducimus eum dolore non eius. At qui exercitationem mollitia repellat ea ut suscipit. Exercitationem qui et quia sit et assumenda.',1,'2020-02-18 14:12:39','2020-02-18 14:12:39'),
	(223,10,'Mr. Owen Hilpert','Aut sint architecto sint eius illum. Et id illum et velit eum commodi. Magnam quod beatae qui alias sint.',4,'2020-02-18 14:12:39','2020-02-18 14:12:39'),
	(224,22,'Mauricio Von','Reprehenderit tempora vel aut accusamus quos. Et vero rerum consequatur officiis earum ut. Amet alias iure dolorum. Dicta beatae ut dignissimos non fugit perspiciatis. Reprehenderit pariatur possimus non qui.',5,'2020-02-18 14:12:39','2020-02-18 14:12:39'),
	(225,38,'Russ Kihn','Optio adipisci incidunt officia dolore. Animi modi eligendi consequuntur vitae fugiat provident praesentium. Libero maiores odio ut molestiae. Molestiae provident amet veniam reiciendis molestiae.',0,'2020-02-18 14:12:39','2020-02-18 14:12:39'),
	(226,2,'Miss Rosamond Schaefer','Ea quidem deserunt consequuntur molestias labore. Repellendus sit nesciunt incidunt amet neque. Tempore earum laboriosam mollitia eos minima totam. Est nesciunt cupiditate commodi repudiandae.',2,'2020-02-18 14:12:39','2020-02-18 14:12:39'),
	(227,39,'Amara Bernier','Numquam enim laborum corrupti eligendi eius sit beatae. Dignissimos incidunt libero nostrum vel ea et fuga. Molestiae voluptate beatae vel veritatis provident. At doloribus asperiores et assumenda itaque.',1,'2020-02-18 14:12:39','2020-02-18 14:12:39'),
	(228,26,'Prof. Milo Herman Sr.','Laborum dolorem quisquam voluptatem vel exercitationem ducimus. Dignissimos earum dignissimos rerum sit quasi. Assumenda autem pariatur consequuntur ut suscipit numquam. Consequatur cupiditate non possimus recusandae ipsum illo culpa.',5,'2020-02-18 14:12:39','2020-02-18 14:12:39'),
	(229,4,'Rosemarie West','Sed quo quas enim provident qui aut. Doloremque eius nihil modi aliquam quas cum. Alias eligendi quisquam quia eos in libero. Omnis nostrum reprehenderit dignissimos in voluptate.',4,'2020-02-18 14:12:39','2020-02-18 14:12:39'),
	(230,22,'Cordelia Reynolds MD','Dignissimos et ipsa blanditiis maiores illum dolorem. Est vel molestiae quia corporis sunt. Sequi saepe et veniam doloremque accusantium. Et impedit animi saepe amet velit.',5,'2020-02-18 14:12:39','2020-02-18 14:12:39'),
	(231,9,'Everette Wiegand','Deserunt aut provident minima. Repudiandae nam corrupti rerum ab illo aperiam aperiam. Non sed quasi cum quia provident porro. Impedit non ipsam a necessitatibus praesentium ut eum.',3,'2020-02-18 14:12:39','2020-02-18 14:12:39'),
	(232,45,'Ms. Joyce Rath','Iure explicabo non blanditiis et velit neque exercitationem et. Eos voluptatem dolor alias rerum maiores voluptatem. Rem velit ex exercitationem tenetur quia.',1,'2020-02-18 14:12:39','2020-02-18 14:12:39'),
	(233,31,'Melissa VonRueden','Consequuntur ratione eveniet qui aut voluptatum adipisci. Eveniet reiciendis veniam quibusdam magnam eum omnis. Reiciendis quia deleniti nihil qui. Facere enim reprehenderit quasi sit.',0,'2020-02-18 14:12:39','2020-02-18 14:12:39'),
	(234,24,'Edwina Schuster','Dolores commodi eius adipisci animi consequatur alias rerum ea. Est voluptas et facere qui accusamus est voluptas nihil. Illo fugiat alias laudantium voluptatem cum deserunt ab.',2,'2020-02-18 14:12:39','2020-02-18 14:12:39'),
	(235,5,'Jarod Wyman','Consectetur est deserunt sed et quo autem. Adipisci dolores illo minus eius est atque. Aperiam fuga hic recusandae vero nobis odit inventore. Vitae mollitia aut nemo voluptates. Aut illum aperiam rerum magnam incidunt aut libero.',0,'2020-02-18 14:12:39','2020-02-18 14:12:39'),
	(236,47,'Prof. Katlynn Cummings','Ut sint magnam nam est placeat perferendis in et. Autem laborum ipsam beatae earum aliquid asperiores qui rerum. Aut qui omnis alias explicabo odit voluptatum.',4,'2020-02-18 14:12:39','2020-02-18 14:12:39'),
	(237,32,'Dr. Mariane Sauer','Alias suscipit fugiat minima qui quasi possimus. Illum quae corrupti harum harum est consectetur laborum temporibus. Labore iure eligendi iste voluptate aut maxime illo.',4,'2020-02-18 14:12:39','2020-02-18 14:12:39'),
	(238,38,'Zander Smith','Nostrum facere et occaecati totam alias laudantium. Autem consequatur nobis nostrum. Voluptas itaque corrupti dolorum et impedit et repellendus. Et blanditiis sit qui adipisci et.',3,'2020-02-18 14:12:39','2020-02-18 14:12:39'),
	(239,3,'Donald Murphy II','Rerum sed qui officiis impedit esse voluptatem perspiciatis. Maiores repellendus quaerat vero similique enim quo et. Rerum nostrum itaque sunt in architecto. Debitis molestias quia modi eos expedita illo esse.',2,'2020-02-18 14:12:39','2020-02-18 14:12:39'),
	(240,47,'Merl Blick Sr.','Animi necessitatibus dolorem minima ducimus ullam. Autem voluptatem sit omnis id sit rem iusto. Rerum dolorum est placeat dolorem eos et exercitationem.',5,'2020-02-18 14:12:39','2020-02-18 14:12:39'),
	(241,35,'Zackary White','Ut eius doloribus eveniet beatae pariatur. Perspiciatis eos labore doloribus quia. Quos dolorem eos consequatur.',3,'2020-02-18 14:12:39','2020-02-18 14:12:39'),
	(242,33,'Vern Halvorson','Quo et non et molestiae. Iure aliquam rem earum impedit.',4,'2020-02-18 14:12:39','2020-02-18 14:12:39'),
	(243,32,'Ms. Cordie Pfannerstill DVM','Deleniti omnis recusandae explicabo cupiditate modi temporibus et. Qui quisquam dolorem est qui eos omnis. Repellendus dolore nam facilis autem velit ut. Exercitationem cupiditate hic molestiae.',0,'2020-02-18 14:12:39','2020-02-18 14:12:39'),
	(244,29,'Prof. Alivia Mraz','Eum accusantium et occaecati. Et quia qui eius autem. Soluta deleniti rerum eaque vero alias doloribus dolor.',3,'2020-02-18 14:12:39','2020-02-18 14:12:39'),
	(245,27,'Don Cormier','Quod quia beatae id repellendus temporibus mollitia. Earum incidunt hic est sit ea assumenda. Explicabo aut sequi quia a enim.',4,'2020-02-18 14:12:39','2020-02-18 14:12:39'),
	(246,49,'Ila Erdman','Ut tempora sequi inventore voluptatum. Earum fugiat in tempora amet quidem. Molestiae ducimus itaque maiores aperiam.',1,'2020-02-18 14:12:39','2020-02-18 14:12:39'),
	(247,40,'Enola Nienow','Libero molestias aperiam doloremque ea. Dolorum quo quia et et id. Quia debitis dolores adipisci.',3,'2020-02-18 14:12:39','2020-02-18 14:12:39'),
	(248,22,'Trystan Dickinson PhD','Et neque a voluptas aliquam quae. Quo sunt maiores voluptatem aut maiores. Ipsum facilis eveniet ea est autem asperiores voluptatem.',0,'2020-02-18 14:12:39','2020-02-18 14:12:39'),
	(249,26,'Dr. Darion Wunsch III','Dolorem ut adipisci et animi accusamus qui neque. Suscipit et et ut velit reprehenderit. Non corrupti sunt impedit eos nam.',5,'2020-02-18 14:12:39','2020-02-18 14:12:39'),
	(250,4,'Verla Hilpert','In aut libero debitis eum blanditiis sed. Cumque voluptatum impedit qui iste ut distinctio.',4,'2020-02-18 14:12:39','2020-02-18 14:12:39'),
	(251,35,'Golda Stracke','Officia voluptatem laborum accusamus eius sit molestiae. Odit excepturi cupiditate quos cumque asperiores aut. Dicta totam nemo vel.',2,'2020-02-18 14:12:39','2020-02-18 14:12:39'),
	(252,32,'Dannie Hudson','Sit asperiores ut porro qui. In illo ipsam quo ad vel perferendis. Nobis quia illo voluptatem quas illo.',1,'2020-02-18 14:12:39','2020-02-18 14:12:39'),
	(253,36,'Pansy Klocko','Dolorum porro reprehenderit nihil temporibus. Accusantium laborum et dolorem aut earum omnis inventore. Qui sunt reprehenderit qui.',0,'2020-02-18 14:12:39','2020-02-18 14:12:39'),
	(254,11,'Arthur Eichmann','Laborum facilis voluptates maiores ut. Sint autem quos placeat tenetur dicta. Iure odit nostrum voluptatem iusto aut sint et. Error quia nam est sed magnam.',2,'2020-02-18 14:12:39','2020-02-18 14:12:39'),
	(255,18,'Mateo Walsh','Quia qui maiores minima molestiae qui et. Assumenda ducimus laborum voluptates natus porro. Consequatur eaque reprehenderit molestias aut. Quo nesciunt iusto ipsam repellendus.',4,'2020-02-18 14:12:39','2020-02-18 14:12:39'),
	(256,3,'Addison Wehner','Debitis sunt sed eaque et molestiae minima quia est. Placeat perferendis in fugit distinctio. Nisi temporibus corrupti eos dolores harum nisi.',2,'2020-02-18 14:12:39','2020-02-18 14:12:39'),
	(257,36,'Elvie Kertzmann DVM','Odio unde dicta sed necessitatibus in totam. Dignissimos voluptate quia architecto quia aut ea quaerat. Molestiae labore quibusdam non asperiores enim. Et molestiae debitis excepturi sed aut explicabo.',5,'2020-02-18 14:12:39','2020-02-18 14:12:39'),
	(258,47,'Mrs. Emie Hoppe','Illo corrupti qui dolores autem esse molestias deserunt. Est eaque nihil minima suscipit.',3,'2020-02-18 14:12:39','2020-02-18 14:12:39'),
	(259,17,'Savanah Ratke','Et doloribus sit qui harum. Id quisquam omnis quam quam. Qui inventore sunt aut impedit harum autem nihil.',0,'2020-02-18 14:12:39','2020-02-18 14:12:39'),
	(260,9,'Hermina Lowe','Quas earum praesentium optio et quis quia totam. Delectus eveniet molestias sit sunt earum qui nihil quos. Quia et modi distinctio eveniet omnis delectus voluptatem. Itaque libero nobis iusto quaerat nihil voluptatem occaecati et.',1,'2020-02-18 14:12:39','2020-02-18 14:12:39'),
	(261,1,'Aubree Senger Jr.','Odio recusandae velit adipisci. Velit quod temporibus exercitationem. Accusantium qui omnis molestiae ut.',4,'2020-02-18 14:12:39','2020-02-18 14:12:39'),
	(262,30,'Anabel Fahey PhD','Sint perferendis laudantium aut omnis. Sed dolores ut labore nesciunt quia. Reiciendis qui voluptas repellendus autem tempore. Eos adipisci sed est facere.',2,'2020-02-18 14:12:39','2020-02-18 14:12:39'),
	(263,5,'Mrs. Genoveva Rowe','Ex ex fuga ab facilis. Voluptatibus doloremque nesciunt illum nostrum odio quod officia. Odit eum quas accusamus quod eveniet. Voluptas modi ducimus dicta nostrum numquam natus.',0,'2020-02-18 14:12:39','2020-02-18 14:12:39'),
	(264,10,'Stan Stehr I','Perspiciatis veniam sit magnam aut aut quo. Velit sapiente eum nobis amet veniam architecto odit. Veritatis consequatur vero harum consequatur similique architecto. Voluptatem quo nobis libero possimus.',2,'2020-02-18 14:12:39','2020-02-18 14:12:39'),
	(265,43,'Amiya Harvey','Voluptas accusamus asperiores rerum at ipsa deserunt eum. Ratione sapiente debitis non asperiores natus deleniti et. Doloremque vitae molestiae ut neque. Quaerat dicta dolor esse esse ab modi dicta.',1,'2020-02-18 14:12:39','2020-02-18 14:12:39'),
	(266,45,'Dr. Vernon Monahan MD','Illum quas at consectetur. Nostrum inventore inventore nesciunt vitae. Ullam sint magni et rerum voluptatem est odit.',4,'2020-02-18 14:12:39','2020-02-18 14:12:39'),
	(267,5,'Miss Addie Mayer','Beatae voluptas natus voluptates ipsa facilis sed ipsam minus. Molestiae enim totam autem. Optio doloremque voluptatem quas iusto ipsum voluptas. Perspiciatis officiis autem neque accusantium et vel.',1,'2020-02-18 14:12:39','2020-02-18 14:12:39'),
	(268,9,'Louie Dooley Sr.','Voluptas est dignissimos sed blanditiis maiores aspernatur deserunt. Expedita et ipsam dicta officiis. Consequatur aliquid nam ipsum repellendus.',1,'2020-02-18 14:12:39','2020-02-18 14:12:39'),
	(269,47,'Miss Pascale Hammes V','Architecto qui voluptas ut. Voluptas vitae exercitationem quos qui officiis. Occaecati dolor qui in dolorem. Inventore sed iusto sunt voluptate. Omnis eveniet molestiae nulla dolores est iure sunt.',0,'2020-02-18 14:12:39','2020-02-18 14:12:39'),
	(270,46,'Roxanne Leuschke','Consequatur ipsam sunt pariatur temporibus. Impedit expedita laudantium quis soluta. Ut et sit optio ea consequatur enim eveniet. Vero perspiciatis vel sed dolorem et eos.',1,'2020-02-18 14:12:39','2020-02-18 14:12:39'),
	(271,12,'Damion Doyle PhD','Et voluptas vero aut non. Porro temporibus quaerat aspernatur possimus accusantium sint nihil. Accusamus aspernatur vitae nemo.',3,'2020-02-18 14:12:39','2020-02-18 14:12:39'),
	(272,50,'Jazmyn Lemke V','Est aut totam dolores officiis. Dolores accusantium quaerat quaerat. Qui vero illo quia repudiandae.',0,'2020-02-18 14:12:39','2020-02-18 14:12:39'),
	(273,2,'Cortez Stamm II','Doloribus fuga consequatur delectus sequi. Et ea veniam dolorem amet modi rerum vitae sed. Alias nesciunt totam accusantium iste ipsa aperiam pariatur.',5,'2020-02-18 14:12:39','2020-02-18 14:12:39'),
	(274,48,'Phyllis Collins','Est vel et consequatur. Repellat esse quidem alias dolor non. Rerum enim eius minus voluptatem repudiandae consequatur nostrum.',2,'2020-02-18 14:12:39','2020-02-18 14:12:39'),
	(275,35,'Prof. Zachery Parisian PhD','Aut ut culpa in dolores rerum. Possimus voluptas et unde minima voluptatibus et. Quis quis asperiores natus ea incidunt et aut. Ab corporis ab doloremque quis voluptas asperiores.',0,'2020-02-18 14:12:39','2020-02-18 14:12:39'),
	(276,39,'Dr. Nelda Rodriguez','Aliquam ducimus libero ipsum. Fugiat aut molestias accusamus. Et eligendi veritatis voluptate voluptatem veritatis ut. Reprehenderit non voluptas et qui perferendis saepe voluptatibus sed.',4,'2020-02-18 14:12:39','2020-02-18 14:12:39'),
	(277,20,'Brandy Lubowitz','Ipsum molestiae fugit minus dolor labore accusantium. Sed nobis voluptas aspernatur ab ut. Et voluptatum perspiciatis fugit est possimus animi repellendus.',4,'2020-02-18 14:12:39','2020-02-18 14:12:39'),
	(278,32,'Trace Mosciski','Rerum labore voluptas et perspiciatis consequuntur. Veritatis ab fugit rem quaerat saepe ab consequatur. Qui cum totam deserunt fugit maxime rerum enim saepe.',4,'2020-02-18 14:12:39','2020-02-18 14:12:39'),
	(279,47,'Mr. Harvey Watsica','Dolorum repellat dolores beatae consequatur reiciendis mollitia incidunt. Omnis tenetur dolor cupiditate accusantium eligendi. Et ab quo tempore ut totam eius quae. Vel non ut tenetur voluptatem deleniti. Totam fugit assumenda libero eum natus libero enim nobis.',4,'2020-02-18 14:12:39','2020-02-18 14:12:39'),
	(280,1,'Christelle Hoppe DDS','Et doloribus nam aspernatur rem beatae minima. Laborum sit esse est sequi atque aspernatur. Dolor distinctio tenetur temporibus.',5,'2020-02-18 14:12:39','2020-02-18 14:12:39'),
	(281,42,'Jacinto O\'Hara PhD','Id et blanditiis magnam dolorum. Aperiam nam officiis ut ut sit sint ut. Praesentium autem vitae ut. Culpa nulla eum ad sunt.',2,'2020-02-18 14:12:39','2020-02-18 14:12:39'),
	(282,30,'Tomasa Beahan','Beatae doloribus totam fugit eaque corporis. Quia voluptas et accusamus unde. Voluptatum eligendi vel et quis reprehenderit. Error nulla ab id ducimus ea voluptas quas.',4,'2020-02-18 14:12:39','2020-02-18 14:12:39'),
	(283,43,'Rachael Hyatt','Aut quaerat dolore totam enim non. Libero beatae dignissimos molestiae sit temporibus quo id. Quas velit excepturi ut voluptatem et exercitationem. Provident cum ullam repellendus.',0,'2020-02-18 14:12:39','2020-02-18 14:12:39'),
	(284,33,'Fiona Hammes','Non eum autem dolorum commodi qui. Magnam quas cumque et et. Qui dolorem eveniet facilis tempore voluptas iusto.',1,'2020-02-18 14:12:39','2020-02-18 14:12:39'),
	(285,32,'Mara Walter','Officia nihil illo placeat consequatur excepturi qui id. Illum sed quasi eius eos eius est et odio. Officiis sit neque velit velit a molestiae quam. Et at perferendis aperiam qui.',0,'2020-02-18 14:12:39','2020-02-18 14:12:39'),
	(286,27,'Mr. Chadrick Ebert','Aperiam eligendi voluptas minus dolores. Excepturi dignissimos culpa molestiae cupiditate dolorem id perspiciatis. Sit repellendus temporibus labore aperiam optio.',3,'2020-02-18 14:12:39','2020-02-18 14:12:39'),
	(287,16,'Cindy Conn','Minima esse molestiae voluptate totam sit qui delectus et. Corporis quis ipsam fugit doloremque deserunt doloribus mollitia voluptate. Cupiditate alias non deleniti eaque dolorem. Repudiandae quaerat facere labore sapiente eveniet natus omnis tempore.',3,'2020-02-18 14:12:39','2020-02-18 14:12:39'),
	(288,3,'Noah Harris','Enim dolorem earum delectus aliquam sed veniam. Suscipit quia sequi inventore ratione qui. Iure quae voluptatem voluptas eaque architecto cumque itaque. Dolores tempore veniam aliquid ea.',0,'2020-02-18 14:12:39','2020-02-18 14:12:39'),
	(289,10,'Kacey Beatty','Eum praesentium eum voluptatum tenetur quis deleniti. Qui odit molestiae qui. Aut laudantium facilis cumque molestiae voluptatem blanditiis suscipit. Sit quam consequuntur dolore et sunt perspiciatis.',4,'2020-02-18 14:12:39','2020-02-18 14:12:39'),
	(290,28,'Eliseo Konopelski','Delectus saepe quae eos et animi. Nisi atque dicta et ab repellendus. Alias voluptatibus qui qui sunt fuga.',1,'2020-02-18 14:12:39','2020-02-18 14:12:39'),
	(291,43,'Lemuel Streich','Libero id corporis minus. Quae eos soluta quibusdam est in et ut. Dolorum praesentium sunt et quidem.',0,'2020-02-18 14:12:39','2020-02-18 14:12:39'),
	(292,43,'Serenity Hudson III','Et dignissimos ratione doloremque cumque sunt dolorem. Magnam consequuntur voluptates sit dolor veniam voluptatum corporis. Laboriosam et est enim aut nihil eligendi.',3,'2020-02-18 14:12:39','2020-02-18 14:12:39'),
	(293,25,'Evan Runolfsdottir V','Quisquam fugit facilis error id. Repudiandae necessitatibus maxime omnis pariatur eligendi eaque. Omnis sequi sequi blanditiis fuga facere pariatur aut. Modi eos impedit suscipit consequuntur. Consectetur quos quibusdam sit voluptas illum earum ipsam.',0,'2020-02-18 14:12:39','2020-02-18 14:12:39'),
	(294,21,'Karina Gerhold MD','Neque rerum et nulla omnis iusto. Similique ut ex doloribus voluptas voluptatibus atque. Eveniet eum a suscipit cupiditate.',5,'2020-02-18 14:12:39','2020-02-18 14:12:39'),
	(295,41,'Grady Schowalter','Non similique natus ullam ut blanditiis eius. Perspiciatis neque sed necessitatibus et qui aut aut. Numquam facere omnis voluptatem non tenetur. Id voluptas enim aliquam praesentium eveniet mollitia.',3,'2020-02-18 14:12:39','2020-02-18 14:12:39'),
	(296,33,'Miss Alverta Olson PhD','Nemo ratione unde qui deleniti perspiciatis vel exercitationem. Inventore consectetur quo vero est veniam ut. Porro expedita cupiditate libero ex aut ratione. Autem tenetur id ullam ut qui voluptatem.',4,'2020-02-18 14:12:39','2020-02-18 14:12:39'),
	(297,16,'Freeman Rempel','Ex consequuntur sed velit ut alias possimus reiciendis. Quo nulla rem nisi vel rerum. Ullam sunt tenetur modi mollitia placeat.',4,'2020-02-18 14:12:39','2020-02-18 14:12:39'),
	(298,21,'Dr. Rickey Mosciski Sr.','Sed et illo dolores corrupti dolorum beatae et. Ut perspiciatis et rem dolores temporibus perferendis. Aut aperiam doloribus deleniti id aut quia sunt. Esse occaecati et quod.',4,'2020-02-18 14:12:39','2020-02-18 14:12:39'),
	(299,41,'Summer Wilkinson','Veritatis est aut et. Tempora a voluptatibus iste.',3,'2020-02-18 14:12:39','2020-02-18 14:12:39'),
	(300,27,'Savion Doyle','Eligendi qui minima vel blanditiis aut mollitia itaque. Ipsum sunt doloribus nostrum accusamus nulla. Et sed ut temporibus officiis voluptas ullam qui.',0,'2020-02-18 14:12:39','2020-02-18 14:12:39'),
	(301,39,'Prof. Aniyah Muller','Officiis consectetur ea est sit quibusdam. Qui nesciunt itaque dicta voluptatem autem dolorum dolorem. Laboriosam laboriosam tenetur esse quasi.',0,'2020-02-18 14:12:39','2020-02-18 14:12:39'),
	(302,23,'Prof. Zachery Ryan III','Itaque voluptas natus culpa officiis sit delectus. Blanditiis aspernatur et voluptatem est fugiat. Quas aliquam blanditiis dignissimos id. Aut reprehenderit magni enim quas.',0,'2020-02-18 14:12:39','2020-02-18 14:12:39'),
	(303,14,'Mr. Ahmed Cummerata','Modi velit pariatur architecto est voluptatibus et architecto. Ut velit sint molestias enim dolorem sed dicta. Magnam a est doloribus laboriosam.',4,'2020-02-18 14:12:39','2020-02-18 14:12:39'),
	(304,36,'Trinity Kiehn DVM','Ut libero et facere explicabo iure. Hic qui ratione libero nobis ex. Possimus autem quaerat quas consequatur perspiciatis mollitia. Enim reiciendis ab rerum voluptates est corporis.',3,'2020-02-18 14:12:39','2020-02-18 14:12:39'),
	(305,45,'Miss Viola Considine PhD','Possimus nesciunt molestiae nobis et. Temporibus blanditiis tenetur earum voluptas ducimus voluptate et. Natus eum quibusdam sit ab. Voluptas modi voluptas praesentium ut dolor.',4,'2020-02-18 14:12:39','2020-02-18 14:12:39'),
	(306,39,'Garry Collins','Nemo nesciunt corrupti molestiae est quos qui. Beatae expedita sunt non mollitia. Assumenda laborum ut ut atque quis doloribus unde. Porro et quo atque magni.',0,'2020-02-18 14:12:39','2020-02-18 14:12:39'),
	(307,50,'Lisette Ebert','Et sequi ut molestiae. Temporibus beatae reiciendis porro saepe dolor quia. Ipsa blanditiis ipsum omnis.',5,'2020-02-18 14:12:39','2020-02-18 14:12:39'),
	(308,22,'Ellis Shanahan','Omnis praesentium provident quaerat vel ipsa in. Enim est sapiente itaque fuga id voluptatum suscipit. Tempora et eum ducimus velit velit rerum impedit suscipit.',5,'2020-02-18 14:12:39','2020-02-18 14:12:39'),
	(309,48,'Alexane Murazik','Quae dolorem ut eaque nostrum error quia. In quia voluptatum ipsam rerum ipsa pariatur. Veniam perferendis sed qui.',5,'2020-02-18 14:12:39','2020-02-18 14:12:39'),
	(310,2,'Celestino Altenwerth','Hic vitae eum omnis. Debitis dolorum eaque possimus molestias enim dolorem similique soluta. Eveniet voluptatem molestiae sunt et harum minima corrupti. Qui at atque est quas distinctio porro.',5,'2020-02-18 14:12:39','2020-02-18 14:12:39'),
	(311,18,'Ulises Smith II','Laboriosam laborum sed consequatur molestiae error reprehenderit. Autem doloribus recusandae sapiente impedit culpa beatae. Tempora impedit veritatis in quia sapiente est.',5,'2020-02-18 14:12:39','2020-02-18 14:12:39'),
	(312,27,'Dr. Flavio Rogahn DVM','Non accusamus sapiente ullam ipsam dolorem repudiandae consequatur. Aut officia aut delectus rerum rerum commodi sequi. Provident accusantium exercitationem similique architecto dolorem dolorem. Voluptas dolores voluptatem sit libero quas.',1,'2020-02-18 14:12:39','2020-02-18 14:12:39'),
	(313,46,'Lexi Greenfelder','Non nostrum accusamus quo vero. Odit qui non illo voluptatibus reprehenderit dicta sit. Aut aut doloribus ea qui reiciendis eos.',3,'2020-02-18 14:12:39','2020-02-18 14:12:39'),
	(314,32,'Martina D\'Amore','Quos quisquam dolorem veniam consequatur repellat. Magni fugit velit ut quasi natus doloribus et. Vel eligendi eum ipsa ratione sapiente autem.',0,'2020-02-18 14:12:39','2020-02-18 14:12:39'),
	(315,26,'Lily Welch','Error dolores error in repellendus ut quo dolores. Et quibusdam quos quis iusto laudantium culpa. Repellat autem aliquid harum qui earum facere fugit.',0,'2020-02-18 14:12:39','2020-02-18 14:12:39'),
	(316,42,'Una Boehm','Aut aut omnis ut voluptas sint dolores. Explicabo quasi fugiat alias et ea. Quidem sint placeat eos aliquam totam ipsam vel. Qui voluptas facere nostrum similique optio et maxime pariatur.',1,'2020-02-18 14:12:39','2020-02-18 14:12:39'),
	(317,47,'Tamara Witting','Repellat animi reprehenderit consequatur quidem vel quasi autem. Sed dolorem doloribus reprehenderit quod occaecati. Quis nemo quas est consectetur. Eum nam consequatur commodi tempore quae possimus modi.',4,'2020-02-18 14:12:39','2020-02-18 14:12:39'),
	(318,11,'Samir Hand','Omnis autem enim qui nemo modi omnis. Est vitae neque dolor temporibus similique velit voluptas. Ipsam rerum sed quam velit quaerat. Quaerat nulla consequatur neque quaerat.',4,'2020-02-18 14:12:39','2020-02-18 14:12:39'),
	(319,1,'Freeda Buckridge','Voluptas voluptatem provident ipsam. Qui nisi est velit necessitatibus ut. Libero velit enim incidunt tempore maiores qui nihil. Qui porro quam aut at nesciunt ab voluptatem. Placeat assumenda accusamus explicabo cumque qui.',2,'2020-02-18 14:12:39','2020-02-18 14:12:39'),
	(320,21,'Dr. Raymond Pfannerstill','Expedita possimus cum quia numquam. Et rerum quia rerum natus quia. Consectetur iure ducimus repellat.',0,'2020-02-18 14:12:39','2020-02-18 14:12:39'),
	(321,11,'Elisha Dickens','Cumque qui corporis deleniti vel accusantium aut asperiores. Doloribus officia voluptatibus distinctio est. Repellat enim facilis possimus nisi a ea sed. Excepturi quo quod aliquid fuga voluptates.',4,'2020-02-18 14:12:39','2020-02-18 14:12:39'),
	(322,22,'Ms. Albertha Olson','Incidunt ex dolores exercitationem sed. Inventore omnis molestias suscipit modi numquam. Consequatur impedit iure alias. Dicta eum necessitatibus in aut vel quisquam.',3,'2020-02-18 14:12:39','2020-02-18 14:12:39'),
	(323,12,'Prof. Antonia Bernhard PhD','Iure blanditiis et totam aliquid qui dicta hic provident. Quia ut id ipsam explicabo iste tempora similique.',3,'2020-02-18 14:12:39','2020-02-18 14:12:39'),
	(324,42,'Chauncey Tremblay III','Aut vel omnis placeat autem facilis. Occaecati autem aut quis excepturi eos possimus id dolor. Optio consequuntur commodi consectetur voluptatem.',4,'2020-02-18 14:12:39','2020-02-18 14:12:39'),
	(325,14,'Mr. Pietro Ullrich','A ullam iusto ducimus dicta tempore. Omnis laudantium sit quia sunt omnis. Dicta suscipit ut accusamus minus officiis et.',0,'2020-02-18 14:12:39','2020-02-18 14:12:39'),
	(326,36,'Cecile Schamberger','Ut occaecati et enim fugit veniam. Voluptas alias dolores dolores possimus. Aliquid occaecati amet et non ut.',1,'2020-02-18 14:12:39','2020-02-18 14:12:39'),
	(327,48,'Prof. Hayden Jacobson I','Rem aspernatur eum non debitis omnis animi reiciendis. Possimus eum sed quis harum sed. A voluptas nostrum atque et esse. Sit placeat rem voluptate deleniti aspernatur. Earum nemo ut laborum quia accusamus rerum.',2,'2020-02-18 14:12:39','2020-02-18 14:12:39'),
	(328,46,'Mr. Johnny Beer','Earum sit qui ipsum ut odit consequatur. Sunt illum error sunt qui eos excepturi illum. Ea nesciunt ut natus tempore. Sed aperiam aspernatur ut. Eveniet ratione consequatur sit voluptas.',4,'2020-02-18 14:12:39','2020-02-18 14:12:39'),
	(329,23,'Brannon D\'Amore','Facere animi quis sapiente dolorum quod quasi quis. Quisquam quis et possimus dignissimos aliquam eos voluptatum. Rerum perspiciatis quia modi minus impedit non voluptas. Mollitia sunt voluptatem nobis accusamus ea. Enim quis nihil dolorem aperiam laboriosam quia eos.',1,'2020-02-18 14:12:39','2020-02-18 14:12:39'),
	(330,7,'Jensen Kutch','Sit voluptas minus modi ut quam nostrum. Ea sint sunt neque magnam. Ipsam numquam est et tempore.',1,'2020-02-18 14:12:39','2020-02-18 14:12:39'),
	(331,44,'Ethyl Emmerich DVM','Soluta assumenda nobis eos adipisci iure. Ipsam sit sed dolorem aut in repudiandae adipisci.',1,'2020-02-18 14:12:39','2020-02-18 14:12:39'),
	(332,32,'Muriel Thompson','Rerum ullam provident iure aut sit qui et. Dolor voluptate eum expedita voluptas sed sed.',4,'2020-02-18 14:12:39','2020-02-18 14:12:39'),
	(333,43,'Mr. Scot Wiza','Dolor qui ut beatae magni aut dolores explicabo. Officiis fugit architecto a natus qui ut ipsam officiis. At temporibus fuga ut optio vitae minima in.',1,'2020-02-18 14:12:39','2020-02-18 14:12:39'),
	(334,5,'Simeon Rohan','Sint in dolorum officia fugiat in possimus eos. Recusandae quia id et occaecati quos eaque nisi. Ratione itaque sequi quo consequatur eius vel sit in.',5,'2020-02-18 14:12:39','2020-02-18 14:12:39'),
	(335,8,'Abel Bechtelar','Adipisci ad dolor dolores enim. Officia ut qui ab velit. Qui molestias esse maxime debitis consequatur. Excepturi velit sed sit distinctio. Omnis nihil voluptatem aut laudantium architecto non.',1,'2020-02-18 14:12:39','2020-02-18 14:12:39'),
	(336,39,'Prof. Nona Keeling IV','Animi sed unde aut consectetur explicabo sed. Necessitatibus et cum voluptatum sequi odio ipsa quia maiores. Omnis atque ullam aspernatur voluptas ea.',2,'2020-02-18 14:12:39','2020-02-18 14:12:39'),
	(337,26,'Gaston Nader','Saepe ea quibusdam ut voluptatem quaerat aut. Error minima et qui qui. Mollitia est eum qui natus. Dolores molestias voluptas maxime dicta. Et odit laudantium eum.',5,'2020-02-18 14:12:39','2020-02-18 14:12:39'),
	(338,28,'Lyric Lang PhD','Aliquid ut consequatur beatae quis inventore aperiam nesciunt. Omnis facilis porro quidem quas dolor. Natus possimus ea aspernatur atque voluptatem et laudantium. Pariatur ducimus omnis quis nulla.',1,'2020-02-18 14:12:39','2020-02-18 14:12:39'),
	(339,11,'Godfrey Kerluke','Autem magnam voluptatum quo aut veritatis. Sit quae labore magnam quo. Consectetur qui asperiores nostrum recusandae quia sit eos.',2,'2020-02-18 14:12:39','2020-02-18 14:12:39'),
	(340,18,'Ronny Morar','Ut incidunt voluptas id in. Deserunt qui vitae aut dolor delectus aperiam. Aut in blanditiis omnis enim.',1,'2020-02-18 14:12:39','2020-02-18 14:12:39'),
	(341,46,'London Huel','Non quia quis dolorum doloremque laborum molestias temporibus. Maiores necessitatibus rem voluptates et porro vero id. Explicabo dolor cumque repudiandae enim maxime ratione possimus et. Eum sit aut est sit ut modi.',1,'2020-02-18 14:12:39','2020-02-18 14:12:39'),
	(342,18,'Thea Crona','Dolore mollitia nostrum provident a. Eaque aut unde provident repellendus dignissimos impedit voluptas. Iure voluptas expedita quo veniam id velit. Impedit occaecati officia quam quaerat occaecati voluptatem.',5,'2020-02-18 14:12:39','2020-02-18 14:12:39'),
	(343,43,'Dale Koch','Dolores beatae iste ipsa sed. Rem illum earum adipisci. Libero nemo quia aliquam veritatis sit corporis nostrum. Ut consequatur sit aut velit labore dolore nemo debitis. Vitae dolores vel recusandae quos ex enim.',1,'2020-02-18 14:12:39','2020-02-18 14:12:39'),
	(344,16,'Jeanne Ondricka','Et non nesciunt voluptate voluptatum deserunt. Recusandae ratione aliquid fugit porro aliquam. Expedita possimus vel et voluptatem excepturi deserunt voluptatem id. Nisi possimus hic ut placeat eum eveniet.',4,'2020-02-18 14:12:39','2020-02-18 14:12:39'),
	(345,3,'Eino Greenfelder Sr.','Tenetur veniam in voluptas corrupti. Nobis accusantium et eum natus animi. Quidem accusamus voluptatum dolor numquam. Non est cum voluptatum enim sit et.',4,'2020-02-18 14:12:39','2020-02-18 14:12:39'),
	(346,35,'Okey Hoppe III','Minima voluptatem ex laboriosam veniam asperiores. Ea dolorem fugit ut a et quam quos. Minus sit modi aspernatur est.',4,'2020-02-18 14:12:39','2020-02-18 14:12:39'),
	(347,13,'Georgette Huel','Officia sunt libero pariatur cum et voluptatem. Est eligendi soluta aut eum expedita natus blanditiis vitae. Quasi doloremque soluta et deleniti et eligendi. Quos eligendi in velit aperiam corporis id.',3,'2020-02-18 14:12:39','2020-02-18 14:12:39'),
	(348,14,'Dr. Asha Reinger II','Illo a facere aut qui animi. Repellat ea necessitatibus labore dignissimos odio ullam magni quas. Non iure praesentium veniam tempore culpa est voluptate.',5,'2020-02-18 14:12:39','2020-02-18 14:12:39'),
	(349,15,'Kayden Kirlin PhD','Nulla aut accusantium non quod. Eius et sed nesciunt ratione sed culpa doloribus. Aut voluptatibus magni et.',3,'2020-02-18 14:12:39','2020-02-18 14:12:39'),
	(350,2,'Noemie Nienow','Illum libero enim voluptate. Atque sint soluta ab aut. Quo reiciendis quasi voluptas et sapiente nostrum ea.',5,'2020-02-18 14:12:39','2020-02-18 14:12:39');

/*!40000 ALTER TABLE `reviews` ENABLE KEYS */;
UNLOCK TABLES;


# Dump of table users
# ------------------------------------------------------------

DROP TABLE IF EXISTS `users`;

CREATE TABLE `users` (
  `id` int(10) unsigned NOT NULL AUTO_INCREMENT,
  `name` varchar(255) COLLATE utf8mb4_unicode_ci NOT NULL,
  `email` varchar(255) COLLATE utf8mb4_unicode_ci NOT NULL,
  `password` varchar(255) COLLATE utf8mb4_unicode_ci NOT NULL,
  `remember_token` varchar(100) COLLATE utf8mb4_unicode_ci DEFAULT NULL,
  `created_at` timestamp NULL DEFAULT NULL,
  `updated_at` timestamp NULL DEFAULT NULL,
  PRIMARY KEY (`id`),
  UNIQUE KEY `users_email_unique` (`email`)
) ENGINE=InnoDB DEFAULT CHARSET=utf8mb4 COLLATE=utf8mb4_unicode_ci;




/*!40111 SET SQL_NOTES=@OLD_SQL_NOTES */;
/*!40101 SET SQL_MODE=@OLD_SQL_MODE */;
/*!40014 SET FOREIGN_KEY_CHECKS=@OLD_FOREIGN_KEY_CHECKS */;
/*!40101 SET CHARACTER_SET_CLIENT=@OLD_CHARACTER_SET_CLIENT */;
/*!40101 SET CHARACTER_SET_RESULTS=@OLD_CHARACTER_SET_RESULTS */;
/*!40101 SET COLLATION_CONNECTION=@OLD_COLLATION_CONNECTION */;
